Set point,duty,hÄ±z
30.00,35.76,0.00
30.00,35.76,0.00
30.00,36.24,0.00
30.00,36.24,0.00
30.00,36.72,0.00
30.00,37.20,0.00
30.00,37.20,0.00
30.00,37.68,0.00
30.00,37.68,0.00
30.00,38.16,0.00
30.00,38.64,0.00
30.00,38.64,0.00
30.00,39.12,0.00
30.00,39.12,0.00
30.00,39.60,0.00
30.00,39.60,0.00
30.00,40.08,0.00
30.00,40.56,0.00
30.00,40.56,0.00
30.00,41.04,0.00
30.00,41.04,0.00
30.00,41.52,0.00
30.00,42.00,0.00
30.00,42.00,0.00
30.00,42.48,0.00
30.00,42.48,0.00
30.00,42.96,0.00
30.00,42.96,0.00
30.00,43.44,0.00
30.00,43.92,0.00
30.00,43.92,0.00
30.00,44.40,0.00
30.00,44.40,0.00
30.00,44.88,0.00
30.00,45.36,0.00
30.00,45.36,0.00
30.00,45.84,0.00
30.00,45.84,0.00
30.00,46.32,0.00
30.00,46.32,0.00
30.00,46.80,0.00
30.00,47.28,0.00
30.00,47.28,0.00
30.00,47.76,0.00
30.00,47.76,0.00
30.00,48.24,0.00
30.00,48.72,0.00
30.00,48.72,0.00
30.00,49.20,0.00
30.00,49.20,0.00
30.00,49.68,0.00
30.00,49.68,0.00
30.00,50.16,0.00
30.00,50.64,0.00
30.00,50.64,0.00
30.00,51.12,0.00
30.00,51.12,0.00
30.00,51.60,0.00
30.00,52.08,0.00
30.00,52.08,0.00
30.00,52.56,0.00
30.00,52.56,0.00
30.00,53.04,0.00
30.00,53.04,0.00
30.00,53.52,0.00
30.00,54.00,0.00
30.00,54.00,0.00
30.00,54.48,0.00
30.00,54.48,0.00
30.00,54.96,0.00
30.00,55.44,0.00
30.00,55.44,0.00
30.00,55.92,7.93
30.00,55.92,0.00
30.00,56.40,0.00
30.00,56.40,7.93
30.00,12.68,0.00
30.00,92.11,0.00
30.00,92.11,7.93
30.00,13.51,7.93
30.00,13.51,7.93
30.00,48.74,0.00
30.00,48.74,7.93
30.00,93.30,0.00
30.00,58.90,7.93
30.00,58.90,15.85
30.00,0.00,7.93
30.00,0.00,0.00
30.00,129.37,15.85
30.00,0.00,7.93
30.00,0.00,15.85
30.00,41.67,7.93
30.00,41.67,7.93
30.00,86.10,15.85
30.00,86.10,7.93
30.00,51.57,7.93
30.00,51.92,15.85
30.00,51.92,7.93
30.00,52.28,7.93
30.00,52.28,7.93
30.00,52.63,15.85
30.00,52.63,7.93
30.00,8.78,7.93
30.00,88.09,0.00
30.00,88.09,7.93
30.00,53.56,7.93
30.00,53.56,15.85
30.00,9.71,7.93
30.00,89.02,7.93
30.00,89.02,7.93
30.00,54.49,7.93
30.00,54.49,7.93
30.00,54.85,7.93
30.00,54.85,7.93
30.00,55.20,7.93
30.00,55.55,7.93
30.00,55.55,7.93
30.00,55.91,7.93
30.00,55.91,7.93
30.00,56.26,7.93
30.00,56.26,7.93
30.00,56.61,7.93
30.00,56.97,7.93
30.00,56.97,0.00
30.00,101.52,7.93
30.00,101.52,7.93
30.00,22.92,15.85
30.00,22.92,7.93
30.00,13.95,7.93
30.00,93.26,7.93
30.00,93.26,7.93
30.00,58.73,15.85
30.00,58.73,7.93
30.00,59.08,7.93
30.00,59.44,15.85
30.00,59.44,7.93
30.00,59.79,7.93
30.00,59.79,7.93
30.00,60.14,7.93
30.00,60.14,7.93
30.00,60.50,7.93
30.00,60.85,15.85
30.00,60.85,0.00
30.00,105.41,15.85
30.00,105.41,7.93
30.00,26.80,7.93
30.00,26.80,15.85
30.00,17.83,7.93
30.00,97.14,7.93
30.00,97.14,15.85
30.00,18.41,7.93
30.00,18.41,15.85
30.00,53.52,7.93
30.00,97.95,7.93
30.00,97.95,7.93
30.00,63.42,15.85
30.00,63.42,15.85
30.00,19.57,7.93
30.00,19.57,7.93
30.00,98.88,15.85
30.00,20.15,7.93
30.00,20.15,15.85
30.00,55.26,7.93
30.00,55.26,15.85
30.00,55.48,7.93
30.00,55.48,7.93
30.00,99.91,15.85
30.00,21.18,7.93
30.00,21.18,15.85
30.00,56.29,7.93
30.00,56.29,7.93
30.00,100.72,15.85
30.00,100.72,7.93
30.00,66.19,15.85
30.00,22.34,15.85
30.00,22.34,7.93
30.00,101.65,15.85
30.00,101.65,7.93
30.00,67.13,15.85
30.00,67.13,15.85
30.00,23.28,7.93
30.00,102.59,15.85
30.00,102.59,15.85
30.00,23.85,7.93
30.00,23.85,15.85
30.00,58.96,15.85
30.00,58.96,7.93
30.00,103.39,15.85
30.00,24.66,15.85
30.00,24.66,15.85
30.00,59.77,7.93
30.00,59.77,15.85
30.00,59.99,7.93
30.00,59.99,15.85
30.00,104.42,7.93
30.00,69.90,15.85
30.00,69.90,15.85
30.00,26.05,15.85
30.00,26.05,7.93
30.00,105.36,15.85
30.00,105.36,15.85
30.00,26.63,15.85
30.00,61.73,7.93
30.00,61.73,15.85
30.00,61.96,15.85
30.00,61.96,7.93
30.00,106.39,15.85
30.00,106.39,7.93
30.00,27.66,15.85
30.00,62.76,15.85
30.00,62.76,15.85
30.00,62.99,7.93
30.00,62.99,15.85
30.00,63.22,7.93
30.00,107.65,15.85
30.00,107.65,15.85
30.00,28.92,7.93
30.00,28.92,15.85
30.00,64.02,15.85
30.00,64.02,15.85
30.00,64.25,7.93
30.00,108.68,15.85
30.00,108.68,7.93
30.00,74.15,15.85
30.00,74.15,15.85
30.00,30.30,15.85
30.00,30.30,15.85
30.00,65.41,15.85
30.00,65.63,7.93
30.00,65.63,15.85
30.00,65.86,15.85
30.00,65.86,7.93
30.00,110.29,15.85
30.00,110.29,15.85
30.00,31.56,15.85
30.00,66.67,7.93
30.00,66.67,15.85
30.00,66.89,15.85
30.00,66.89,7.93
30.00,111.32,15.85
30.00,111.32,15.85
30.00,32.59,15.85
30.00,67.70,15.85
30.00,67.70,15.85
30.00,67.93,15.85
30.00,67.93,15.85
30.00,68.15,7.93
30.00,68.15,15.85
30.00,68.38,15.85
30.00,68.60,7.93
30.00,68.60,15.85
30.00,68.83,7.93
30.00,68.83,15.85
30.00,69.06,7.93
30.00,69.06,15.85
30.00,69.28,7.93
30.00,113.71,15.85
30.00,113.71,7.93
30.00,79.19,15.85
30.00,79.19,15.85
30.00,35.34,23.78
30.00,35.34,7.93
30.00,114.65,15.85
30.00,35.91,23.78
30.00,35.91,15.85
30.00,71.02,15.85
30.00,71.02,15.85
30.00,71.25,7.93
30.00,71.25,15.85
30.00,71.47,15.85
30.00,71.70,15.85
30.00,71.70,15.85
30.00,71.93,7.93
30.00,71.93,15.85
30.00,72.15,15.85
30.00,72.38,7.93
30.00,72.38,15.85
30.00,72.61,15.85
30.00,72.61,7.93
30.00,117.04,15.85
30.00,117.04,15.85
30.00,38.30,15.85
30.00,73.41,15.85
30.00,73.41,15.85
30.00,73.64,15.85
30.00,73.64,15.85
30.00,73.86,15.85
30.00,73.86,15.85
30.00,74.09,7.93
30.00,74.09,15.85
30.00,74.09,15.85
30.00,74.09,15.85
30.00,74.09,15.85
30.00,74.09,7.93
30.00,74.09,15.85
30.00,74.09,15.85
30.00,74.09,15.85
30.00,74.09,7.93
30.00,74.09,15.85
30.00,74.09,15.85
30.00,74.09,7.93
30.00,74.09,15.85
30.00,74.09,15.85
30.00,74.09,15.85
30.00,74.09,7.93
30.00,74.09,15.85
30.00,74.09,7.93
70.00,165.56,15.85
70.00,87.47,23.78
70.00,87.47,23.78
70.00,79.01,23.78
70.00,79.01,23.78
70.00,114.63,15.85
70.00,114.63,23.78
70.00,115.37,23.78
70.00,116.11,23.78
70.00,116.11,23.78
70.00,116.85,31.71
70.00,116.85,23.78
70.00,117.59,23.78
70.00,117.59,31.71
70.00,74.13,23.78
70.00,153.82,31.71
70.00,153.82,23.78
70.00,119.68,31.71
70.00,119.68,31.71
70.00,76.22,31.71
70.00,76.22,31.71
70.00,111.71,23.78
70.00,156.53,31.71
70.00,156.53,31.71
70.00,78.18,31.71
70.00,78.18,31.71
70.00,113.68,31.71
70.00,113.68,31.71
70.00,114.29,31.71
70.00,114.90,31.71
70.00,114.90,23.78
70.00,159.72,31.71
70.00,159.72,31.71
70.00,81.37,39.64
70.00,81.37,31.71
70.00,116.87,31.71
70.00,117.48,31.71
70.00,117.48,31.71
70.00,118.09,31.71
70.00,118.09,31.71
70.00,118.71,31.71
70.00,118.71,31.71
70.00,119.32,31.71
70.00,119.93,31.71
70.00,119.93,31.71
70.00,120.54,31.71
70.00,120.54,31.71
70.00,121.16,31.71
70.00,121.16,31.71
70.00,121.77,31.71
70.00,122.38,31.71
70.00,122.38,31.71
70.00,122.99,31.71
70.00,122.99,31.71
70.00,123.61,31.71
70.00,123.61,31.71
70.00,124.22,31.71
70.00,124.83,31.71
70.00,124.83,31.71
70.00,125.44,31.71
70.00,125.44,31.71
70.00,126.06,39.64
70.00,126.06,31.71
70.00,126.67,31.71
70.00,126.67,31.71
70.00,127.28,31.71
70.00,127.89,39.64
70.00,127.89,31.71
70.00,128.51,31.71
70.00,128.51,39.64
70.00,84.92,31.71
70.00,84.92,31.71
70.00,164.49,31.71
70.00,130.22,31.71
70.00,130.22,39.64
70.00,86.63,39.64
70.00,86.63,31.71
70.00,166.20,31.71
70.00,166.20,39.64
70.00,87.73,39.64
70.00,123.09,31.71
70.00,123.09,39.64
70.00,123.58,31.71
70.00,123.58,31.71
70.00,168.27,39.64
70.00,168.27,39.64
70.00,89.80,31.71
70.00,169.37,39.64
70.00,169.37,39.64
70.00,90.89,39.64
70.00,90.89,39.64
70.00,126.26,31.71
70.00,126.26,39.64
70.00,126.75,39.64
70.00,127.23,39.64
70.00,127.23,31.71
70.00,171.92,39.64
70.00,171.92,31.71
70.00,137.65,39.64
70.00,137.65,47.56
70.00,49.86,31.71
70.00,208.39,39.64
70.00,208.39,39.64
70.00,95.04,39.64
70.00,95.04,47.56
70.00,86.20,39.64
70.00,86.20,39.64
70.00,165.64,39.64
70.00,131.25,39.64
70.00,131.25,39.64
70.00,131.73,39.64
70.00,131.73,39.64
70.00,132.22,39.64
70.00,132.22,39.64
70.00,132.70,39.64
70.00,133.19,31.71
70.00,133.19,39.64
70.00,133.68,39.64
70.00,133.68,39.64
70.00,134.16,39.64
70.00,134.16,31.71
70.00,178.85,39.64
70.00,100.38,47.56
70.00,100.38,39.64
70.00,135.75,39.64
70.00,135.75,39.64
70.00,136.23,31.71
70.00,136.23,39.64
70.00,136.72,39.64
70.00,137.20,39.64
70.00,137.20,39.64
70.00,137.69,39.64
70.00,137.69,39.64
70.00,138.17,39.64
70.00,138.17,39.64
70.00,138.66,31.71
70.00,183.35,39.64
70.00,183.35,39.64
70.00,104.88,47.56
70.00,104.88,39.64
70.00,140.24,47.56
70.00,140.24,39.64
70.00,140.73,39.64
70.00,140.73,39.64
70.00,141.22,39.64
70.00,141.70,39.64
70.00,141.70,39.64
70.00,142.19,39.64
70.00,142.19,39.64
70.00,142.67,39.64
70.00,142.67,47.56
70.00,98.96,39.64
70.00,178.40,39.64
70.00,178.40,39.64
70.00,144.00,39.64
70.00,144.00,39.64
70.00,144.49,47.56
70.00,144.49,39.64
70.00,100.77,39.64
70.00,180.22,39.64
70.00,180.22,47.56
70.00,101.62,39.64
70.00,101.62,39.64
70.00,181.06,47.56
70.00,181.06,39.64
70.00,146.67,47.56
70.00,102.95,39.64
70.00,102.95,47.56
70.00,138.19,39.64
70.00,138.19,39.64
70.00,182.75,47.56
70.00,182.75,39.64
70.00,148.35,47.56
70.00,104.64,47.56
70.00,104.64,39.64
70.00,184.08,39.64
70.00,184.08,47.56
70.00,105.48,47.56
70.00,105.48,39.64
70.00,184.93,47.56
70.00,106.33,47.56
70.00,106.33,39.64
70.00,185.77,47.56
70.00,185.77,47.56
70.00,107.17,39.64
70.00,107.17,47.56
70.00,142.41,47.56
70.00,142.77,39.64
70.00,142.77,47.56
70.00,143.13,39.64
70.00,143.13,39.64
70.00,187.69,47.56
70.00,187.69,47.56
70.00,109.09,39.64
70.00,188.54,47.56
70.00,188.54,47.56
70.00,109.94,47.56
70.00,109.94,47.56
70.00,145.18,39.64
70.00,145.18,47.56
70.00,145.54,47.56
70.00,145.90,39.64
70.00,145.90,47.56
70.00,146.25,39.64
70.00,146.25,47.56
70.00,146.61,39.64
70.00,146.61,39.64
70.00,191.18,47.56
70.00,112.58,47.56
70.00,112.58,47.56
70.00,147.82,39.64
70.00,147.82,47.56
70.00,148.18,39.64
70.00,148.18,47.56
70.00,148.54,47.56
70.00,148.54,39.64
70.00,148.89,47.56
70.00,149.25,39.64
70.00,149.25,47.56
70.00,149.61,39.64
70.00,149.61,47.56
70.00,149.97,39.64
70.00,149.97,47.56
70.00,150.33,39.64
70.00,194.89,39.64
70.00,194.89,47.56
70.00,116.29,47.56
70.00,116.29,47.56
70.00,151.53,47.56
70.00,151.53,47.56
70.00,151.89,39.64
70.00,196.46,47.56
70.00,196.46,47.56
70.00,117.86,47.56
70.00,117.86,47.56
70.00,153.10,47.56
70.00,153.10,47.56
70.00,153.46,47.56
70.00,153.81,47.56
70.00,153.81,39.64
70.00,198.38,47.56
70.00,198.38,47.56
70.00,119.78,55.49
70.00,119.78,47.56
70.00,155.02,47.56
70.00,155.38,47.56
70.00,155.38,47.56
70.00,155.74,39.64
70.00,155.74,47.56
70.00,156.10,47.56
70.00,156.10,47.56
70.00,156.45,47.56
70.00,156.81,47.56
70.00,156.81,47.56
70.00,157.17,47.56
70.00,157.17,39.64
70.00,201.73,47.56
70.00,201.73,47.56
70.00,123.14,55.49
70.00,114.17,47.56
70.00,114.17,47.56
70.00,193.49,47.56
70.00,193.49,47.56
70.00,158.97,47.56
70.00,158.97,47.56
70.00,159.33,47.56
70.00,159.69,47.56
70.00,159.69,55.49
70.00,115.84,47.56
70.00,115.84,47.56
70.00,195.16,39.64
70.00,195.16,47.56
70.00,160.64,55.49
70.00,160.64,47.56
70.00,116.79,47.56
70.00,196.11,47.56
70.00,196.11,47.56
70.00,161.59,47.56
70.00,161.59,55.49
70.00,117.74,47.56
70.00,117.74,47.56
70.00,197.06,47.56
70.00,162.54,47.56
70.00,162.54,55.49
70.00,118.69,47.56
70.00,118.69,47.56
70.00,198.01,47.56
70.00,198.01,55.49
70.00,119.28,47.56
70.00,198.60,47.56
70.00,198.60,55.49
70.00,119.87,47.56
70.00,119.87,55.49
70.00,154.99,47.56
70.00,154.99,47.56
70.00,199.42,47.56
70.00,164.90,47.56
70.00,164.90,55.49
70.00,121.06,47.56
70.00,121.06,55.49
70.00,156.17,47.56
70.00,156.17,47.56
70.00,200.60,47.56
70.00,166.08,47.56
70.00,166.08,55.49
70.00,122.24,47.56
70.00,122.24,55.49
70.00,157.35,47.56
70.00,157.35,47.56
70.00,201.79,47.56
70.00,167.26,47.56
70.00,167.26,47.56
70.00,167.62,55.49
70.00,167.62,47.56
70.00,167.98,55.49
70.00,167.98,47.56
70.00,168.34,47.56
70.00,168.70,55.49
70.00,168.70,47.56
70.00,169.06,55.49
70.00,169.06,47.56
70.00,169.42,47.56
70.00,169.42,55.49
70.00,125.57,47.56
70.00,125.57,47.56
70.00,204.89,55.49
70.00,126.16,47.56
70.00,126.16,55.49
70.00,161.28,47.56
70.00,161.28,47.56
70.00,205.71,47.56
70.00,205.71,55.49
70.00,126.99,55.49
70.00,162.10,47.56
70.00,162.10,47.56
70.00,206.54,55.49
70.00,206.54,47.56
70.00,172.01,55.49
70.00,172.01,55.49
70.00,128.17,55.49
70.00,163.28,47.56
70.00,163.28,55.49
70.00,163.51,47.56
70.00,163.51,47.56
70.00,207.95,55.49
70.00,207.95,47.56
70.00,173.43,55.49
70.00,129.58,55.49
70.00,129.58,55.49
70.00,164.70,47.56
70.00,164.70,55.49
70.00,164.93,47.56
70.00,164.93,55.49
70.00,165.16,47.56
70.00,209.60,47.56
70.00,209.60,55.49
70.00,130.87,55.49
70.00,130.87,47.56
70.00,210.19,55.49
70.00,210.19,55.49
70.00,131.46,55.49
70.00,166.58,47.56
70.00,166.58,55.49
70.00,166.81,55.49
70.00,166.81,47.56
70.00,211.24,55.49
70.00,211.24,55.49
70.00,132.52,55.49
70.00,167.63,55.49
70.00,167.63,47.56
70.00,212.07,55.49
70.00,212.07,55.49
70.00,133.34,55.49
70.00,133.34,55.49
70.00,168.45,47.56
70.00,168.45,47.56
70.00,212.89,55.49
70.00,134.16,55.49
70.00,134.16,55.49
70.00,169.28,55.49
70.00,169.28,55.49
70.00,169.51,47.56
70.00,169.51,55.49
70.00,169.74,55.49
70.00,169.97,47.56
70.00,169.97,55.49
70.00,170.21,47.56
70.00,170.21,55.49
70.00,170.44,47.56
70.00,170.44,55.49
70.00,170.67,47.56
70.00,215.11,55.49
70.00,215.11,55.49
70.00,136.38,55.49
70.00,136.38,55.49
70.00,171.49,47.56
70.00,171.49,55.49
70.00,171.73,55.49
70.00,171.96,55.49
70.00,171.96,47.56
70.00,216.39,55.49
70.00,216.39,55.49
70.00,137.67,55.49
70.00,137.67,55.49
70.00,172.78,55.49
70.00,173.01,55.49
70.00,173.01,47.56
70.00,217.45,47.56
70.00,217.45,55.49
70.00,138.72,55.49
70.00,138.72,55.49
70.00,173.84,55.49
70.00,174.07,47.56
70.00,174.07,47.56
70.00,218.50,55.49
70.00,218.50,55.49
70.00,218.50,63.42
70.00,218.50,55.49
70.00,218.50,55.49
70.00,218.50,63.42
70.00,218.50,63.42
70.00,218.50,55.49
70.00,218.50,63.42
70.00,218.50,63.42
70.00,218.50,71.35
70.00,218.50,63.42
70.00,218.50,63.42
70.00,218.50,63.42
70.00,218.50,63.42
70.00,218.50,71.35
70.00,218.50,71.35
70.00,218.50,63.42
70.00,218.50,63.42
100.00,130.86,71.35
100.00,157.00,63.42
100.00,157.00,63.42
100.00,236.54,63.42
100.00,236.54,63.42
100.00,202.25,63.42
100.00,202.25,63.42
100.00,202.83,63.42
100.00,203.42,63.42
100.00,203.42,55.49
100.00,248.21,63.42
100.00,248.21,63.42
100.00,169.83,71.35
100.00,169.83,63.42
100.00,205.30,63.42
100.00,205.30,63.42
100.00,205.88,63.42
100.00,206.47,63.42
100.00,206.47,63.42
100.00,207.06,63.42
100.00,207.06,63.42
100.00,207.64,63.42
100.00,207.64,63.42
100.00,208.23,63.42
100.00,208.81,63.42
100.00,208.81,63.42
100.00,209.40,63.42
100.00,209.40,63.42
100.00,209.98,63.42
100.00,209.98,63.42
100.00,210.57,63.42
100.00,211.15,63.42
100.00,211.15,63.42
100.00,211.74,63.42
100.00,211.74,71.35
100.00,168.12,63.42
100.00,168.12,63.42
100.00,247.66,63.42
100.00,247.66,63.42
100.00,213.37,63.42
100.00,213.95,71.35
100.00,213.95,63.42
100.00,214.54,63.42
100.00,214.54,71.35
100.00,170.92,71.35
100.00,170.92,63.42
100.00,250.46,63.42
100.00,216.17,63.42
100.00,216.17,71.35
100.00,172.55,71.35
100.00,172.55,63.42
100.00,252.09,63.42
100.00,252.09,71.35
100.00,173.59,71.35
100.00,208.93,63.42
100.00,208.93,63.42
100.00,253.59,71.35
100.00,253.59,63.42
100.00,219.30,71.35
100.00,219.30,71.35
100.00,175.68,71.35
100.00,211.02,71.35
100.00,211.02,63.42
100.00,255.00,63.42
100.00,255.00,71.35
100.00,177.18,71.35
100.00,177.18,63.42
100.00,255.00,71.35
100.00,255.00,63.42
100.00,222.43,71.35
100.00,178.81,71.35
100.00,178.81,71.35
100.00,214.15,71.35
100.00,214.15,71.35
100.00,214.61,71.35
100.00,214.61,63.42
100.00,255.00,63.42
100.00,224.97,71.35
100.00,224.97,71.35
100.00,181.36,71.35
100.00,181.36,63.42
100.00,255.00,63.42
100.00,255.00,63.42
100.00,226.60,71.35
100.00,182.99,71.35
100.00,182.99,63.42
100.00,255.00,63.42
100.00,255.00,71.35
100.00,184.03,71.35
100.00,184.03,63.42
100.00,255.00,63.42
100.00,255.00,71.35
100.00,185.07,71.35
100.00,220.41,63.42
100.00,220.41,71.35
100.00,220.87,71.35
100.00,220.87,71.35
100.00,221.33,71.35
100.00,221.33,71.35
100.00,221.79,71.35
100.00,222.25,71.35
100.00,222.25,63.42
100.00,255.00,63.42
100.00,255.00,71.35
100.00,188.41,71.35
100.00,188.41,71.35
100.00,223.75,71.35
100.00,224.21,71.35
100.00,224.21,71.35
100.00,224.67,71.35
100.00,224.67,63.42
100.00,255.00,71.35
100.00,255.00,71.35
100.00,190.83,71.35
100.00,190.83,71.35
100.00,226.17,63.42
100.00,255.00,63.42
100.00,255.00,71.35
100.00,192.33,79.27
100.00,192.33,71.35
100.00,227.67,71.35
100.00,227.67,71.35
100.00,228.13,71.35
100.00,228.59,71.35
100.00,228.59,71.35
100.00,229.04,71.35
100.00,229.04,63.42
100.00,255.00,71.35
100.00,255.00,71.35
100.00,195.21,71.35
100.00,230.55,71.35
100.00,230.55,71.35
100.00,231.01,71.35
100.00,231.01,71.35
100.00,231.46,71.35
100.00,231.46,71.35
100.00,231.92,71.35
100.00,231.92,71.35
100.00,232.38,71.35
100.00,232.84,71.35
100.00,232.84,71.35
100.00,233.30,71.35
100.00,233.30,71.35
100.00,233.76,71.35
100.00,233.76,71.35
100.00,234.21,71.35
100.00,234.67,71.35
100.00,234.67,71.35
100.00,235.13,71.35
100.00,235.13,71.35
100.00,235.59,71.35
100.00,235.59,71.35
100.00,236.05,71.35
100.00,236.51,79.27
100.00,236.51,71.35
100.00,236.97,71.35
100.00,236.97,71.35
100.00,237.42,79.27
100.00,237.42,71.35
100.00,237.88,71.35
100.00,237.88,71.35
100.00,238.34,71.35
100.00,238.80,79.27
100.00,238.80,71.35
100.00,239.26,71.35
100.00,239.26,71.35
100.00,239.72,71.35
100.00,239.72,71.35
100.00,240.17,79.27
100.00,196.43,79.27
100.00,196.43,71.35
100.00,255.00,71.35
100.00,255.00,79.27
100.00,197.22,71.35
100.00,197.22,71.35
100.00,255.00,71.35
100.00,242.21,71.35
100.00,242.21,71.35
100.00,242.67,71.35
100.00,242.67,71.35
100.00,243.13,71.35
100.00,243.13,79.27
100.00,199.39,79.27
100.00,199.39,79.27
100.00,234.60,71.35
100.00,255.00,71.35
100.00,255.00,79.27
100.00,200.51,79.27
100.00,200.51,71.35
100.00,255.00,71.35
100.00,255.00,79.27
100.00,201.30,71.35
100.00,255.00,71.35
100.00,255.00,71.35
100.00,246.29,79.27
100.00,246.29,79.27
100.00,202.55,79.27
100.00,202.55,71.35
100.00,255.00,71.35
100.00,247.54,71.35
100.00,247.54,79.27
100.00,203.79,79.27
100.00,203.79,79.27
100.00,239.01,71.35
100.00,239.01,71.35
100.00,255.00,71.35
100.00,255.00,79.27
100.00,249.12,79.27
100.00,205.37,79.27
100.00,205.37,79.27
100.00,240.59,79.27
100.00,240.59,71.35
100.00,255.00,71.35
100.00,255.00,71.35
100.00,250.70,71.35
100.00,251.16,79.27
100.00,251.16,79.27
100.00,207.41,79.27
100.00,207.41,71.35
100.00,255.00,71.35
100.00,255.00,71.35
100.00,252.41,71.35
100.00,252.86,71.35
100.00,252.86,79.27
100.00,209.12,79.27
100.00,209.12,71.35
100.00,255.00,71.35
100.00,255.00,71.35
100.00,254.11,79.27
100.00,254.11,79.27
100.00,210.37,71.35
100.00,255.00,71.35
100.00,255.00,71.35
100.00,255.00,71.35
100.00,255.00,79.27
100.00,211.62,79.27
100.00,211.62,71.35
100.00,255.00,71.35
100.00,255.00,71.35
100.00,255.00,79.27
100.00,212.87,79.27
100.00,212.87,71.35
100.00,255.00,71.35
100.00,255.00,71.35
100.00,255.00,79.27
100.00,214.11,79.27
100.00,214.11,71.35
100.00,255.00,71.35
100.00,255.00,79.27
100.00,214.90,79.27
100.00,214.90,79.27
100.00,250.12,79.27
100.00,250.12,79.27
100.00,250.45,79.27
100.00,250.78,79.27
100.00,250.78,71.35
100.00,255.00,71.35
100.00,255.00,79.27
100.00,216.69,79.27
100.00,216.69,71.35
100.00,255.00,79.27
100.00,217.48,79.27
100.00,217.48,79.27
100.00,252.69,71.35
100.00,252.69,79.27
100.00,253.02,71.35
100.00,253.02,71.35
100.00,255.00,79.27
100.00,218.93,79.27
100.00,218.93,71.35
100.00,255.00,71.35
100.00,255.00,79.27
100.00,219.72,79.27
100.00,219.72,71.35
100.00,255.00,71.35
100.00,255.00,71.35
100.00,255.00,71.35
100.00,255.00,79.27
100.00,255.00,79.27
100.00,221.43,79.27
100.00,221.43,79.27
100.00,255.00,71.35
100.00,255.00,79.27
100.00,255.00,79.27
100.00,255.00,71.35
100.00,255.00,79.27
100.00,255.00,71.35
100.00,255.00,79.27
100.00,255.00,79.27
100.00,255.00,79.27
100.00,255.00,79.27
100.00,255.00,79.27
100.00,255.00,79.27
100.00,255.00,79.27
100.00,255.00,79.27
100.00,255.00,79.27
100.00,255.00,79.27
100.00,255.00,79.27
100.00,255.00,79.27
100.00,255.00,79.27
100.00,255.00,79.27
100.00,255.00,79.27
100.00,255.00,79.27
100.00,255.00,79.27
100.00,255.00,87.20
100.00,255.00,79.27
100.00,255.00,79.27
100.00,255.00,79.27
100.00,255.00,79.27
100.00,255.00,79.27
100.00,255.00,79.27
100.00,255.00,79.27
100.00,255.00,79.27
100.00,255.00,79.27
100.00,255.00,79.27
100.00,255.00,79.27
100.00,255.00,79.27
100.00,255.00,79.27
100.00,255.00,79.27
100.00,255.00,79.27
100.00,255.00,79.27
100.00,255.00,79.27
100.00,255.00,79.27
100.00,255.00,79.27
100.00,255.00,79.27
100.00,255.00,79.27
100.00,255.00,87.20
100.00,221.06,79.27
100.00,221.06,79.27
100.00,255.00,79.27
100.00,255.00,79.27
100.00,255.00,79.27
100.00,255.00,79.27
100.00,255.00,79.27
100.00,255.00,79.27
100.00,255.00,79.27
100.00,255.00,79.27
100.00,255.00,79.27
100.00,255.00,87.20
100.00,223.25,79.27
100.00,223.25,79.27
100.00,255.00,71.35
100.00,255.00,79.27
100.00,255.00,71.35
100.00,255.00,79.27
100.00,255.00,79.27
100.00,233.90,79.27
100.00,233.90,79.27
100.00,255.00,71.35
100.00,255.00,79.27
100.00,255.00,71.35
100.00,255.00,79.27
100.00,255.00,79.27
100.00,235.36,79.27
100.00,235.36,79.27
100.00,255.00,79.27
100.00,255.00,79.27
100.00,255.00,71.35
100.00,255.00,79.27
100.00,255.00,79.27
100.00,255.00,79.27
100.00,255.00,79.27
100.00,255.00,79.27
100.00,255.00,79.27
100.00,255.00,79.27
100.00,255.00,79.27
100.00,255.00,79.27
100.00,255.00,79.27
100.00,255.00,87.20
100.00,229.02,79.27
100.00,229.02,79.27
100.00,255.00,71.35
100.00,255.00,79.27
100.00,255.00,79.27
100.00,255.00,79.27
100.00,255.00,79.27
100.00,255.00,79.27
100.00,255.00,79.27
100.00,255.00,79.27
100.00,255.00,79.27
100.00,255.00,79.27
100.00,255.00,87.20
100.00,231.21,79.27
100.00,255.00,79.27
100.00,255.00,71.35
100.00,255.00,79.27
100.00,255.00,79.27
100.00,241.53,87.20
100.00,241.53,79.27
100.00,255.00,79.27
100.00,255.00,79.27
100.00,255.00,79.27
100.00,255.00,79.27
100.00,255.00,79.27
100.00,255.00,79.27
100.00,255.00,79.27
100.00,255.00,87.20
100.00,234.20,79.27
100.00,234.20,79.27
100.00,255.00,79.27
100.00,255.00,79.27
100.00,255.00,79.27
100.00,255.00,79.27
100.00,255.00,79.27
100.00,255.00,79.27
100.00,255.00,79.27
100.00,255.00,79.27
100.00,255.00,79.27
100.00,255.00,79.27
100.00,255.00,79.27
100.00,255.00,79.27
100.00,255.00,79.27
100.00,255.00,79.27
100.00,255.00,79.27
100.00,255.00,79.27
100.00,255.00,79.27
100.00,255.00,79.27
100.00,255.00,87.20
100.00,255.00,79.27
100.00,255.00,79.27
100.00,255.00,79.27
100.00,255.00,79.27
100.00,255.00,79.27
100.00,255.00,79.27
100.00,255.00,79.27
100.00,255.00,87.20
100.00,234.97,87.20
100.00,234.97,79.27
100.00,255.00,79.27
100.00,255.00,79.27
100.00,255.00,79.27
100.00,255.00,79.27
100.00,255.00,79.27
100.00,255.00,79.27
100.00,255.00,79.27
100.00,255.00,79.27
100.00,255.00,79.27
100.00,255.00,79.27
100.00,255.00,79.27
100.00,255.00,79.27
100.00,255.00,79.27
100.00,255.00,79.27
100.00,255.00,79.27
100.00,255.00,79.27
100.00,255.00,87.20
100.00,234.97,87.20
100.00,234.97,79.27
100.00,255.00,79.27
100.00,255.00,79.27
100.00,255.00,79.27
100.00,255.00,79.27
100.00,255.00,79.27
100.00,255.00,79.27
100.00,255.00,79.27
100.00,255.00,79.27
100.00,255.00,79.27
100.00,255.00,79.27
100.00,255.00,87.20
100.00,255.00,79.27
100.00,255.00,79.27
100.00,255.00,79.27
100.00,255.00,79.27
100.00,255.00,79.27
100.00,255.00,79.27
100.00,255.00,87.20
100.00,234.97,79.27
100.00,255.00,79.27
100.00,255.00,79.27
100.00,255.00,79.27
100.00,255.00,79.27
100.00,255.00,79.27
100.00,255.00,79.27
100.00,255.00,79.27
100.00,255.00,79.27
100.00,255.00,79.27
100.00,255.00,79.27
100.00,255.00,79.27
100.00,255.00,79.27
100.00,255.00,79.27
100.00,255.00,87.20
100.00,234.97,79.27
100.00,234.97,79.27
100.00,255.00,79.27
100.00,255.00,79.27
100.00,255.00,79.27
100.00,255.00,79.27
100.00,255.00,79.27
100.00,255.00,79.27
100.00,255.00,79.27
100.00,255.00,79.27
100.00,255.00,79.27
100.00,255.00,79.27
100.00,255.00,79.27
100.00,255.00,79.27
100.00,255.00,79.27
100.00,255.00,79.27
100.00,255.00,79.27
100.00,255.00,79.27
100.00,255.00,79.27
100.00,255.00,79.27
100.00,255.00,79.27
100.00,255.00,79.27
100.00,255.00,87.20
100.00,234.97,87.20
100.00,234.97,79.27
100.00,255.00,79.27
100.00,255.00,79.27
100.00,255.00,79.27
100.00,255.00,79.27
100.00,255.00,79.27
100.00,255.00,79.27
100.00,255.00,87.20
100.00,234.97,79.27
100.00,234.97,79.27
100.00,255.00,79.27
100.00,255.00,79.27
100.00,255.00,79.27
100.00,255.00,79.27
100.00,255.00,79.27
100.00,255.00,79.27
100.00,255.00,79.27
100.00,255.00,79.27
100.00,255.00,87.20
100.00,234.97,79.27
100.00,234.97,79.27
100.00,255.00,79.27
100.00,255.00,79.27
100.00,255.00,79.27
100.00,255.00,79.27
100.00,255.00,87.20
100.00,234.97,79.27
100.00,234.97,79.27
100.00,255.00,71.35
100.00,255.00,79.27
100.00,255.00,79.27
100.00,244.16,79.27
100.00,244.16,79.27
100.00,255.00,79.27
100.00,255.00,79.27
100.00,255.00,79.27
100.00,255.00,79.27
100.00,255.00,79.27
100.00,255.00,79.27
100.00,255.00,79.27
100.00,255.00,79.27
100.00,255.00,87.20
100.00,234.97,79.27
100.00,234.97,79.27
100.00,255.00,79.27
100.00,255.00,79.27
100.00,255.00,79.27
100.00,255.00,79.27
100.00,255.00,87.20
100.00,234.97,79.27
100.00,234.97,79.27
100.00,255.00,71.35
100.00,255.00,79.27
100.00,255.00,79.27
100.00,244.16,79.27
100.00,244.16,79.27
100.00,255.00,79.27
100.00,255.00,79.27
100.00,255.00,79.27
100.00,255.00,79.27
100.00,255.00,79.27
100.00,255.00,79.27
100.00,255.00,79.27
100.00,255.00,79.27
100.00,255.00,79.27
100.00,255.00,79.27
100.00,255.00,87.20
100.00,234.97,79.27
100.00,255.00,79.27
100.00,255.00,79.27
100.00,255.00,79.27
100.00,255.00,79.27
100.00,255.00,79.27
100.00,255.00,79.27
100.00,255.00,79.27
100.00,255.00,79.27
100.00,255.00,79.27
100.00,255.00,79.27
100.00,255.00,79.27
100.00,255.00,79.27
100.00,255.00,87.20
100.00,234.97,79.27
100.00,234.97,79.27
100.00,255.00,79.27
100.00,255.00,79.27
100.00,255.00,79.27
100.00,255.00,79.27
100.00,255.00,79.27
100.00,255.00,79.27
100.00,255.00,79.27
100.00,255.00,79.27
100.00,255.00,79.27
100.00,255.00,79.27
100.00,255.00,87.20
100.00,255.00,79.27
100.00,255.00,79.27
100.00,255.00,79.27
100.00,255.00,79.27
100.00,255.00,79.27
100.00,255.00,79.27
100.00,255.00,79.27
100.00,255.00,87.20
100.00,234.97,87.20
100.00,234.97,79.27
100.00,255.00,79.27
100.00,255.00,79.27
100.00,255.00,79.27
100.00,255.00,79.27
100.00,255.00,79.27
100.00,255.00,79.27
100.00,255.00,79.27
100.00,255.00,79.27
100.00,255.00,79.27
100.00,255.00,79.27
100.00,255.00,79.27
100.00,255.00,79.27
100.00,255.00,79.27
100.00,255.00,79.27
100.00,255.00,79.27
100.00,255.00,79.27
100.00,255.00,79.27
100.00,255.00,79.27
100.00,255.00,79.27
100.00,255.00,79.27
100.00,255.00,87.20
100.00,234.97,79.27
100.00,234.97,79.27
100.00,255.00,79.27
100.00,255.00,79.27
100.00,255.00,79.27
100.00,255.00,79.27
100.00,255.00,79.27
100.00,255.00,79.27
100.00,255.00,87.20
100.00,234.97,79.27
100.00,234.97,79.27
100.00,255.00,79.27
100.00,255.00,79.27
100.00,255.00,79.27
100.00,255.00,79.27
100.00,255.00,79.27
100.00,255.00,79.27
100.00,255.00,79.27
100.00,255.00,79.27
100.00,255.00,87.20
100.00,255.00,79.27
100.00,255.00,79.27
100.00,255.00,79.27
100.00,255.00,79.27
100.00,255.00,79.27
100.00,255.00,79.27
100.00,255.00,87.20
100.00,255.00,87.20
100.00,234.97,87.20
100.00,234.97,79.27
100.00,255.00,79.27
100.00,255.00,79.27
100.00,255.00,79.27
100.00,255.00,79.27
100.00,255.00,79.27
100.00,255.00,79.27
100.00,255.00,87.20
100.00,234.97,79.27
100.00,234.97,79.27
100.00,255.00,79.27
100.00,255.00,79.27
100.00,255.00,79.27
100.00,255.00,79.27
100.00,255.00,87.20
100.00,234.97,79.27
100.00,234.97,79.27
100.00,255.00,79.27
100.00,255.00,79.27
100.00,255.00,79.27
100.00,255.00,71.35
100.00,255.00,79.27
100.00,255.00,79.27
100.00,255.00,79.27
100.00,255.00,79.27
100.00,255.00,79.27
100.00,255.00,79.27
100.00,255.00,79.27
100.00,255.00,79.27
100.00,255.00,79.27
100.00,255.00,79.27
100.00,255.00,87.20
100.00,255.00,87.20
100.00,234.97,87.20
100.00,234.97,79.27
100.00,255.00,79.27
100.00,255.00,87.20
100.00,255.00,79.27
100.00,255.00,79.27
100.00,255.00,79.27
100.00,255.00,79.27
100.00,255.00,79.27
100.00,255.00,79.27
100.00,255.00,79.27
100.00,255.00,79.27
100.00,255.00,79.27
100.00,255.00,79.27
100.00,255.00,79.27
100.00,255.00,87.20
100.00,234.97,79.27
100.00,255.00,79.27
100.00,255.00,79.27
100.00,255.00,79.27
100.00,255.00,87.20
100.00,234.97,79.27
100.00,234.97,79.27
100.00,255.00,71.35
100.00,255.00,79.27
100.00,255.00,79.27
100.00,255.00,79.27
100.00,255.00,79.27
100.00,255.00,79.27
100.00,255.00,79.27
100.00,255.00,79.27
100.00,255.00,79.27
100.00,255.00,79.27
100.00,255.00,79.27
100.00,255.00,79.27
100.00,255.00,79.27
100.00,255.00,79.27
100.00,255.00,79.27
100.00,255.00,87.20
100.00,234.97,87.20
100.00,255.00,79.27
100.00,255.00,79.27
100.00,255.00,79.27
100.00,255.00,79.27
100.00,255.00,79.27
100.00,255.00,79.27
100.00,255.00,79.27
100.00,255.00,79.27
100.00,255.00,87.20
100.00,255.00,79.27
100.00,255.00,79.27
100.00,255.00,79.27
100.00,255.00,79.27
100.00,255.00,79.27
100.00,255.00,79.27
100.00,255.00,79.27
100.00,255.00,87.20
100.00,255.00,87.20
100.00,255.00,79.27
30.00,231.93,79.27
30.00,231.93,79.27
30.00,196.27,79.27
30.00,196.27,71.35
30.00,239.68,79.27
30.00,239.68,79.27
30.00,159.93,79.27
30.00,194.03,71.35
30.00,194.03,71.35
30.00,237.44,71.35
30.00,237.44,71.35
30.00,201.90,71.35
30.00,201.90,71.35
30.00,201.24,63.42
30.00,244.78,63.42
30.00,244.78,71.35
30.00,165.16,71.35
30.00,165.16,71.35
30.00,199.38,71.35
30.00,199.38,71.35
30.00,198.72,63.42
30.00,242.26,63.42
30.00,242.26,71.35
30.00,162.64,63.42
30.00,162.64,63.42
30.00,241.06,63.42
30.00,241.06,71.35
30.00,161.45,71.35
30.00,195.66,63.42
30.00,195.66,63.42
30.00,239.21,63.42
30.00,239.21,71.35
30.00,159.59,71.35
30.00,159.59,63.42
30.00,238.01,63.42
30.00,202.59,63.42
30.00,202.59,63.42
30.00,202.06,71.35
30.00,202.06,71.35
30.00,157.32,63.42
30.00,157.32,63.42
30.00,235.74,63.42
30.00,200.33,63.42
30.00,200.33,71.35
30.00,155.59,63.42
30.00,155.59,71.35
30.00,189.81,63.42
30.00,189.81,63.42
30.00,233.35,63.42
30.00,197.94,63.42
30.00,197.94,63.42
30.00,197.40,63.42
30.00,197.40,63.42
30.00,196.87,63.42
30.00,196.87,63.42
30.00,196.33,63.42
30.00,196.33,63.42
30.00,195.80,63.42
30.00,195.26,63.42
30.00,195.26,63.42
30.00,194.73,63.42
30.00,194.73,63.42
30.00,194.19,63.42
30.00,194.19,63.42
30.00,193.66,63.42
30.00,193.12,63.42
30.00,193.12,63.42
30.00,192.59,63.42
30.00,192.59,63.42
30.00,192.05,55.49
30.00,192.05,55.49
30.00,235.72,63.42
30.00,156.23,63.42
30.00,156.23,63.42
30.00,190.58,63.42
30.00,190.58,63.42
30.00,190.04,63.42
30.00,190.04,63.42
30.00,189.51,55.49
30.00,233.18,63.42
30.00,233.18,63.42
30.00,153.68,63.42
30.00,153.68,55.49
30.00,232.23,63.42
30.00,232.23,63.42
30.00,152.74,63.42
30.00,187.09,63.42
30.00,187.09,63.42
30.00,186.55,63.42
30.00,186.55,63.42
30.00,186.02,63.42
30.00,186.02,55.49
30.00,229.69,55.49
30.00,194.40,55.49
30.00,194.40,63.42
30.00,149.79,63.42
30.00,149.79,63.42
30.00,184.13,55.49
30.00,184.13,55.49
30.00,227.80,63.42
30.00,148.31,63.42
30.00,148.31,63.42
30.00,182.66,63.42
30.00,182.66,55.49
30.00,226.32,63.42
30.00,226.32,63.42
30.00,146.83,63.42
30.00,146.83,63.42
30.00,181.18,55.49
30.00,224.85,55.49
30.00,224.85,63.42
30.00,145.36,63.42
30.00,145.36,63.42
30.00,179.70,55.49
30.00,179.70,63.42
30.00,179.17,63.42
30.00,178.63,55.49
30.00,178.63,55.49
30.00,222.30,63.42
30.00,222.30,55.49
30.00,187.01,55.49
30.00,187.01,63.42
30.00,142.40,63.42
30.00,176.75,55.49
30.00,176.75,55.49
30.00,220.42,55.49
30.00,220.42,63.42
30.00,140.92,63.42
30.00,140.92,55.49
30.00,219.47,63.42
30.00,139.98,55.49
30.00,139.98,55.49
30.00,218.53,55.49
30.00,218.53,55.49
30.00,183.24,63.42
30.00,183.24,63.42
30.00,138.63,55.49
30.00,217.18,55.49
30.00,217.18,55.49
30.00,181.89,55.49
30.00,181.89,63.42
30.00,137.28,63.42
30.00,137.28,55.49
30.00,215.83,55.49
30.00,180.54,55.49
30.00,180.54,63.42
30.00,135.93,55.49
30.00,135.93,63.42
30.00,170.28,55.49
30.00,170.28,55.49
30.00,213.94,55.49
30.00,178.66,63.42
30.00,178.66,55.49
30.00,178.25,55.49
30.00,178.25,55.49
30.00,177.84,55.49
30.00,177.84,55.49
30.00,177.43,55.49
30.00,177.43,55.49
30.00,177.02,55.49
30.00,176.62,55.49
30.00,176.62,55.49
30.00,176.21,55.49
30.00,176.21,55.49
30.00,175.80,55.49
30.00,175.80,55.49
30.00,175.39,55.49
30.00,174.99,55.49
30.00,174.99,55.49
30.00,174.58,55.49
30.00,174.58,55.49
30.00,174.17,55.49
30.00,174.17,55.49
30.00,173.76,55.49
30.00,173.35,55.49
30.00,173.35,55.49
30.00,172.95,55.49
30.00,172.95,55.49
30.00,172.54,55.49
30.00,172.54,55.49
30.00,172.13,55.49
30.00,171.72,47.56
30.00,171.72,47.56
30.00,215.52,55.49
30.00,215.52,55.49
30.00,136.15,55.49
30.00,136.15,55.49
30.00,170.63,55.49
30.00,170.22,55.49
30.00,170.22,55.49
30.00,169.81,47.56
30.00,169.81,47.56
30.00,213.61,55.49
30.00,213.61,55.49
30.00,134.24,55.49
30.00,168.71,55.49
30.00,168.71,55.49
30.00,168.31,55.49
30.00,168.31,55.49
30.00,167.90,47.56
30.00,167.90,47.56
30.00,211.69,55.49
30.00,132.33,55.49
30.00,132.33,55.49
30.00,166.80,55.49
30.00,166.80,55.49
30.00,166.39,55.49
30.00,166.39,55.49
30.00,165.98,47.56
30.00,165.98,55.49
30.00,209.78,55.49
30.00,130.42,55.49
30.00,130.42,55.49
30.00,164.89,55.49
30.00,164.89,55.49
30.00,164.48,47.56
30.00,164.48,55.49
30.00,164.07,47.56
30.00,207.87,55.49
30.00,207.87,55.49
30.00,128.50,55.49
30.00,128.50,55.49
30.00,162.98,55.49
30.00,162.98,47.56
30.00,206.77,55.49
30.00,127.41,55.49
30.00,127.41,55.49
30.00,161.88,47.56
30.00,161.88,47.56
30.00,205.67,55.49
30.00,205.67,55.49
30.00,126.31,55.49
30.00,160.78,55.49
30.00,160.78,47.56
30.00,204.58,55.49
30.00,204.58,55.49
30.00,125.21,55.49
30.00,125.21,55.49
30.00,159.69,47.56
30.00,203.48,55.49
30.00,203.48,55.49
30.00,124.12,55.49
30.00,124.12,47.56
30.00,202.79,55.49
30.00,202.79,55.49
30.00,123.43,55.49
30.00,157.90,55.49
30.00,157.90,47.56
30.00,201.69,55.49
30.00,201.69,55.49
30.00,122.33,55.49
30.00,122.33,47.56
30.00,201.01,47.56
30.00,165.84,55.49
30.00,165.84,55.49
30.00,121.36,55.49
30.00,121.36,55.49
30.00,155.83,47.56
30.00,155.83,47.56
30.00,199.63,55.49
30.00,120.26,55.49
30.00,120.26,47.56
30.00,198.94,55.49
30.00,198.94,47.56
30.00,163.78,55.49
30.00,163.78,55.49
30.00,119.29,55.49
30.00,119.29,47.56
30.00,153.77,55.49
30.00,153.36,47.56
30.00,153.36,47.56
30.00,197.15,47.56
30.00,197.15,55.49
30.00,117.79,55.49
30.00,117.79,47.56
30.00,196.46,47.56
30.00,161.30,55.49
30.00,161.30,47.56
30.00,161.02,55.49
30.00,161.02,55.49
30.00,116.54,47.56
30.00,116.54,47.56
30.00,195.21,55.49
30.00,115.85,47.56
30.00,115.85,55.49
30.00,150.32,47.56
30.00,150.32,47.56
30.00,194.12,47.56
30.00,194.12,47.56
30.00,158.96,55.49
30.00,114.47,47.56
30.00,114.47,55.49
30.00,148.94,47.56
30.00,148.94,47.56
30.00,192.74,47.56
30.00,192.74,47.56
30.00,157.58,55.49
30.00,113.09,47.56
30.00,113.09,47.56
30.00,191.77,47.56
30.00,191.77,55.49
30.00,112.40,47.56
30.00,112.40,47.56
30.00,191.08,47.56
30.00,155.92,55.49
30.00,155.92,47.56
30.00,155.64,47.56
30.00,155.64,47.56
30.00,155.36,47.56
30.00,155.36,47.56
30.00,155.08,55.49
30.00,110.59,47.56
30.00,110.59,47.56
30.00,189.27,47.56
30.00,189.27,47.56
30.00,154.11,47.56
30.00,154.11,47.56
30.00,153.82,47.56
30.00,153.82,47.56
30.00,153.54,55.49
30.00,109.06,47.56
30.00,109.06,47.56
30.00,187.74,39.64
30.00,187.74,47.56
30.00,152.57,47.56
30.00,152.57,55.49
30.00,108.09,47.56
30.00,186.77,39.64
30.00,186.77,47.56
30.00,151.60,55.49
30.00,151.60,47.56
30.00,151.32,47.56
30.00,151.32,47.56
30.00,151.04,47.56
30.00,150.76,47.56
30.00,150.76,47.56
30.00,150.48,47.56
30.00,150.48,47.56
30.00,150.20,47.56
30.00,150.20,39.64
30.00,194.12,47.56
30.00,114.88,55.49
30.00,114.88,47.56
30.00,149.48,47.56
30.00,149.48,47.56
30.00,149.20,47.56
30.00,149.20,47.56
30.00,148.92,39.64
30.00,192.84,47.56
30.00,192.84,47.56
30.00,113.60,55.49
30.00,113.60,47.56
30.00,148.20,47.56
30.00,148.20,47.56
30.00,147.92,39.64
30.00,191.84,47.56
30.00,191.84,47.56
30.00,112.61,55.49
30.00,112.61,47.56
30.00,147.21,47.56
30.00,147.21,47.56
30.00,146.93,39.64
30.00,190.85,47.56
30.00,190.85,47.56
30.00,111.61,47.56
30.00,111.61,55.49
30.00,102.01,39.64
30.00,102.01,47.56
30.00,180.68,47.56
30.00,180.68,47.56
30.00,145.52,47.56
30.00,145.24,47.56
30.00,145.24,39.64
30.00,189.16,47.56
30.00,189.16,47.56
30.00,109.92,47.56
30.00,109.92,47.56
30.00,144.52,47.56
30.00,144.24,47.56
30.00,144.24,47.56
30.00,143.96,47.56
30.00,143.96,39.64
30.00,187.88,47.56
30.00,187.88,47.56
30.00,108.65,47.56
30.00,143.24,47.56
30.00,143.24,47.56
30.00,142.96,39.64
30.00,142.96,47.56
30.00,142.68,47.56
30.00,142.68,39.64
30.00,186.60,47.56
30.00,107.37,47.56
30.00,107.37,47.56
30.00,141.97,47.56
30.00,141.97,39.64
30.00,185.89,47.56
30.00,185.89,47.56
30.00,106.65,47.56
30.00,141.25,47.56
30.00,141.25,39.64
30.00,185.17,47.56
30.00,185.17,47.56
30.00,105.93,47.56
30.00,105.93,47.56
30.00,140.53,47.56
30.00,140.25,39.64
30.00,140.25,47.56
30.00,139.97,39.64
30.00,139.97,47.56
30.00,139.69,39.64
30.00,139.69,47.56
30.00,139.41,39.64
30.00,183.33,47.56
30.00,183.33,39.64
30.00,148.30,47.56
30.00,148.30,47.56
30.00,103.94,47.56
30.00,103.94,39.64
30.00,182.74,47.56
30.00,182.74,47.56
30.00,103.50,47.56
30.00,138.10,39.64
30.00,138.10,47.56
30.00,137.82,39.64
30.00,137.82,47.56
30.00,137.82,39.64
30.00,137.82,47.56
30.00,137.82,39.64
30.00,137.82,39.64
30.00,137.82,39.64
30.00,137.82,47.56
30.00,137.82,39.64
30.00,137.82,39.64
30.00,137.82,39.64
30.00,137.82,39.64
30.00,137.82,47.56
30.00,137.82,39.64
30.00,137.82,39.64
30.00,137.82,39.64
30.00,137.82,39.64
30.00,137.82,39.64
30.00,137.82,39.64
10.00,158.23,39.64
10.00,122.87,47.56
10.00,122.87,39.64
10.00,122.40,39.64
10.00,122.40,39.64
10.00,121.92,39.64
10.00,121.92,39.64
10.00,121.45,39.64
10.00,120.97,39.64
10.00,120.97,31.71
10.00,164.70,39.64
10.00,164.70,39.64
10.00,85.27,39.64
10.00,85.27,39.64
10.00,119.68,39.64
10.00,119.20,31.71
10.00,119.20,39.64
10.00,118.73,39.64
10.00,118.73,31.71
10.00,162.46,39.64
10.00,162.46,31.71
10.00,127.23,39.64
10.00,82.68,39.64
10.00,82.68,39.64
10.00,117.09,31.71
10.00,117.09,39.64
10.00,116.61,31.71
10.00,116.61,39.64
10.00,116.14,31.71
10.00,159.87,31.71
10.00,159.87,39.64
10.00,80.44,31.71
10.00,80.44,39.64
10.00,114.84,39.64
10.00,114.84,31.71
10.00,158.57,31.71
10.00,123.34,39.64
10.00,123.34,39.64
10.00,78.79,31.71
10.00,78.79,39.64
10.00,113.20,31.71
10.00,113.20,31.71
10.00,156.93,39.64
10.00,77.50,31.71
10.00,77.50,39.64
10.00,111.90,31.71
10.00,111.90,31.71
10.00,155.63,39.64
10.00,155.63,31.71
10.00,120.40,39.64
10.00,75.85,31.71
10.00,75.85,39.64
10.00,110.26,31.71
10.00,110.26,31.71
10.00,153.99,31.71
10.00,153.99,39.64
10.00,74.56,31.71
10.00,153.17,31.71
10.00,153.17,39.64
10.00,73.74,31.71
10.00,73.74,39.64
10.00,108.14,31.71
10.00,108.14,31.71
10.00,151.87,31.71
10.00,116.64,39.64
10.00,116.64,31.71
10.00,116.30,39.64
10.00,116.30,31.71
10.00,115.95,39.64
10.00,115.95,31.71
10.00,115.60,31.71
10.00,115.60,31.71
10.00,115.25,31.71
10.00,114.91,39.64
10.00,114.91,31.71
10.00,114.56,31.71
10.00,114.56,31.71
10.00,114.21,31.71
10.00,114.21,31.71
10.00,113.87,31.71
10.00,113.52,31.71
10.00,113.52,31.71
10.00,113.17,31.71
10.00,113.17,31.71
10.00,112.82,31.71
10.00,112.82,31.71
10.00,112.48,31.71
10.00,112.13,31.71
10.00,112.13,23.78
10.00,155.98,31.71
10.00,155.98,31.71
10.00,76.68,39.64
10.00,76.68,31.71
10.00,111.21,31.71
10.00,110.87,31.71
10.00,110.87,31.71
10.00,110.52,31.71
10.00,110.52,31.71
10.00,110.17,31.71
10.00,110.17,31.71
10.00,109.82,31.71
10.00,109.48,23.78
10.00,109.48,31.71
10.00,109.13,31.71
10.00,109.13,31.71
10.00,108.78,23.78
10.00,108.78,31.71
10.00,108.43,31.71
10.00,108.09,31.71
10.00,108.09,23.78
10.00,151.94,31.71
10.00,151.94,31.71
10.00,72.64,31.71
10.00,72.64,31.71
10.00,107.17,31.71
10.00,106.82,31.71
10.00,106.82,23.78
10.00,150.68,31.71
10.00,150.68,31.71
10.00,71.38,31.71
10.00,71.38,31.71
10.00,105.91,31.71
10.00,105.56,31.71
10.00,105.56,31.71
10.00,105.21,31.71
10.00,105.21,23.78
10.00,149.07,31.71
10.00,149.07,31.71
10.00,69.77,31.71
10.00,104.30,31.71
10.00,104.30,31.71
10.00,103.95,31.71
10.00,103.95,31.71
10.00,103.60,23.78
10.00,103.60,31.71
10.00,103.26,31.71
10.00,102.91,23.78
10.00,102.91,31.71
10.00,102.56,23.78
10.00,102.56,31.71
10.00,102.22,23.78
10.00,102.22,31.71
10.00,101.87,23.78
10.00,145.72,31.71
10.00,145.72,23.78
10.00,110.62,31.71
10.00,110.62,31.71
10.00,66.20,31.71
10.00,66.20,23.78
10.00,144.94,31.71
10.00,65.63,31.71
10.00,65.63,31.71
10.00,100.16,31.71
10.00,100.16,23.78
10.00,144.02,31.71
10.00,144.02,31.71
10.00,64.72,31.71
10.00,99.25,23.78
10.00,99.25,31.71
10.00,98.90,31.71
10.00,98.90,23.78
10.00,142.76,31.71
10.00,142.76,31.71
10.00,63.45,31.71
10.00,97.99,23.78
10.00,97.99,31.71
10.00,97.64,23.78
10.00,97.64,31.71
10.00,97.29,23.78
10.00,97.29,31.71
10.00,96.94,23.78
10.00,140.80,23.78
10.00,140.80,31.71
10.00,61.50,23.78
10.00,61.50,31.71
10.00,96.03,31.71
10.00,96.03,23.78
10.00,139.89,23.78
10.00,104.78,31.71
10.00,104.78,31.71
10.00,60.36,31.71
10.00,60.36,23.78
10.00,139.10,31.71
10.00,139.10,23.78
10.00,104.00,31.71
10.00,59.57,31.71
10.00,59.57,23.78
10.00,138.31,31.71
10.00,138.31,23.78
10.00,103.21,31.71
10.00,103.21,31.71
10.00,58.78,31.71
10.00,93.32,23.78
10.00,93.32,23.78
10.00,137.17,31.71
10.00,137.17,23.78
10.00,102.07,31.71
10.00,102.07,31.71
10.00,57.65,23.78
10.00,57.65,31.71
10.00,136.38,23.78
10.00,101.28,31.71
10.00,101.28,23.78
10.00,101.06,31.71
10.00,101.06,31.71
10.00,56.64,23.78
10.00,56.64,23.78
10.00,135.38,31.71
10.00,56.07,23.78
10.00,56.07,31.71
10.00,90.60,23.78
10.00,90.60,23.78
10.00,134.46,23.78
10.00,134.46,31.71
10.00,99.36,31.71
10.00,54.94,23.78
10.00,54.94,23.78
10.00,133.67,31.71
10.00,133.67,23.78
10.00,98.57,31.71
10.00,98.57,23.78
10.00,54.15,31.71
10.00,88.68,23.78
10.00,88.68,23.78
10.00,132.54,23.78
10.00,132.54,23.78
10.00,97.43,31.71
10.00,53.01,23.78
10.00,53.01,31.71
10.00,87.54,23.78
10.00,87.54,23.78
10.00,131.40,23.78
10.00,131.40,23.78
10.00,96.30,23.78
10.00,96.08,31.71
10.00,96.08,23.78
10.00,95.86,31.71
10.00,95.86,23.78
10.00,95.64,23.78
10.00,95.64,23.78
10.00,95.42,23.78
10.00,95.20,23.78
10.00,95.20,23.78
10.00,94.98,23.78
10.00,94.98,31.71
10.00,50.55,15.85
10.00,50.55,23.78
10.00,129.29,23.78
10.00,94.19,23.78
10.00,94.19,23.78
10.00,93.97,23.78
10.00,93.97,23.78
10.00,93.75,31.71
10.00,93.75,15.85
10.00,137.73,31.71
10.00,14.35,23.78
10.00,14.35,23.78
10.00,127.97,23.78
10.00,127.97,23.78
10.00,92.86,31.71
10.00,92.86,23.78
10.00,92.64,23.78
10.00,92.42,23.78
10.00,92.42,23.78
10.00,92.20,23.78
10.00,92.20,23.78
10.00,91.98,23.78
10.00,91.98,23.78
10.00,91.76,23.78
10.00,91.54,23.78
10.00,91.54,23.78
10.00,91.32,23.78
10.00,91.32,23.78
10.00,91.10,15.85
10.00,91.10,23.78
10.00,90.88,23.78
10.00,90.66,23.78
10.00,90.66,15.85
10.00,134.64,23.78
10.00,134.64,23.78
10.00,55.46,23.78
10.00,55.46,23.78
10.00,90.12,23.78
10.00,89.90,23.78
10.00,89.90,23.78
10.00,89.68,23.78
10.00,89.68,23.78
10.00,89.46,23.78
10.00,89.46,15.85
10.00,133.45,23.78
10.00,54.27,23.78
10.00,54.27,23.78
10.00,88.93,23.78
10.00,88.93,23.78
10.00,88.71,23.78
10.00,88.71,23.78
10.00,88.49,23.78
10.00,88.27,23.78
10.00,88.27,15.85
10.00,132.25,23.78
10.00,132.25,23.78
10.00,53.07,23.78
10.00,53.07,23.78
10.00,87.73,23.78
10.00,87.51,23.78
10.00,87.51,23.78
10.00,87.29,15.85
10.00,87.29,23.78
10.00,87.07,23.78
10.00,87.07,23.78
10.00,86.85,15.85
10.00,130.83,23.78
10.00,130.83,23.78
10.00,51.66,23.78
10.00,51.66,23.78
10.00,86.32,23.78
10.00,86.32,15.85
10.00,130.30,23.78
10.00,51.12,23.78
10.00,51.12,31.71
10.00,41.58,15.85
10.00,41.58,23.78
10.00,120.31,23.78
10.00,120.31,15.85
10.00,129.42,31.71
10.00,06.04,23.78
10.00,06.04,23.78
10.00,119.65,23.78
10.00,119.65,23.78
10.00,84.55,23.78
10.00,84.55,23.78
10.00,84.33,15.85
10.00,128.31,23.78
10.00,128.31,23.78
10.00,49.14,31.71
10.00,49.14,23.78
10.00,83.80,23.78
10.00,83.80,15.85
10.00,127.78,23.78
10.00,48.60,23.78
10.00,48.60,31.71
10.00,39.06,15.85
10.00,39.06,23.78
10.00,117.79,23.78
10.00,117.79,23.78
10.00,82.69,15.85
10.00,126.68,23.78
10.00,126.68,23.78
10.00,47.50,23.78
10.00,47.50,23.78
10.00,82.16,23.78
10.00,82.16,23.78
10.00,81.94,23.78
10.00,81.72,15.85
10.00,81.72,23.78
10.00,81.50,23.78
10.00,81.50,15.85
10.00,125.48,23.78
10.00,125.48,15.85
10.00,46.30,23.78
10.00,80.96,23.78
10.00,80.96,23.78
10.00,80.74,15.85
10.00,80.74,23.78
10.00,80.52,15.85
10.00,124.50,23.78
10.00,124.50,15.85
10.00,89.53,23.78
10.00,89.53,23.78
10.00,45.23,23.78
10.00,45.23,23.78
10.00,79.89,15.85
10.00,123.88,15.85
10.00,123.88,23.78
10.00,44.70,23.78
10.00,44.70,23.78
10.00,79.36,15.85
10.00,79.36,23.78
10.00,79.14,15.85
10.00,123.12,23.78
10.00,123.12,15.85
10.00,88.15,23.78
10.00,88.15,23.78
10.00,43.85,23.78
10.00,43.85,23.78
10.00,78.51,15.85
10.00,122.49,23.78
10.00,122.49,15.85
10.00,87.52,23.78
10.00,87.52,23.78
10.00,43.22,23.78
10.00,43.22,15.85
10.00,122.08,23.78
10.00,42.91,23.78
10.00,42.91,15.85
10.00,121.77,23.78
10.00,121.77,23.78
10.00,42.59,23.78
10.00,42.59,23.78
10.00,77.25,15.85
10.00,121.24,23.78
10.00,121.24,15.85
10.00,86.26,23.78
10.00,86.26,23.78
10.00,41.96,23.78
10.00,41.96,23.78
10.00,76.62,15.85
10.00,120.61,23.78
10.00,120.61,15.85
10.00,85.63,23.78
10.00,85.63,23.78
10.00,41.34,23.78
10.00,41.34,15.85
10.00,120.20,23.78
10.00,41.02,23.78
10.00,41.02,15.85
10.00,119.89,23.78
10.00,119.89,23.78
10.00,40.71,23.78
10.00,40.71,15.85
10.00,119.57,23.78
10.00,40.39,23.78
10.00,40.39,23.78
10.00,75.05,15.85
10.00,75.05,23.78
10.00,74.83,15.85
10.00,74.83,23.78
10.00,74.61,15.85
10.00,118.60,15.85
10.00,118.60,23.78
10.00,39.42,15.85
10.00,39.42,23.78
10.00,74.08,15.85
10.00,74.08,15.85
10.00,118.06,23.78
10.00,38.88,15.85
10.00,38.88,23.78
10.00,73.54,15.85
10.00,73.54,23.78
10.00,73.32,15.85
10.00,73.32,15.85
10.00,117.31,23.78
10.00,38.13,15.85
10.00,38.13,15.85
10.00,116.99,23.78
10.00,116.99,15.85
10.00,82.02,23.78
10.00,82.02,23.78
10.00,37.72,15.85
10.00,116.58,23.78
10.00,116.58,15.85
10.00,81.61,23.78
10.00,81.61,15.85
10.00,81.52,23.78
10.00,81.52,23.78
10.00,37.22,15.85
10.00,116.08,23.78
10.00,116.08,15.85
10.00,81.11,23.78
10.00,81.11,15.85
10.00,81.01,23.78
10.00,81.01,15.85
10.00,80.92,23.78
10.00,36.62,15.85
10.00,36.62,15.85
10.00,115.49,23.78
10.00,115.49,15.85
10.00,80.51,23.78
10.00,80.51,15.85
10.00,80.42,23.78
10.00,36.12,15.85
10.00,36.12,15.85
10.00,114.99,15.85
10.00,114.99,23.78
10.00,35.81,15.85
10.00,35.81,23.78
10.00,70.47,15.85
10.00,114.45,15.85
10.00,114.45,15.85
10.00,79.48,23.78
10.00,79.48,23.78
10.00,35.18,15.85
10.00,35.18,15.85
10.00,114.04,23.78
10.00,34.87,15.85
10.00,34.87,23.78
10.00,69.53,15.85
10.00,69.53,15.85
10.00,113.51,15.85
10.00,113.51,15.85
10.00,78.53,23.78
10.00,34.24,23.78
10.00,34.24,15.85
10.00,113.10,15.85
10.00,113.10,15.85
10.00,78.13,23.78
10.00,78.13,15.85
10.00,78.03,23.78
10.00,33.74,15.85
10.00,33.74,23.78
10.00,68.40,15.85
10.00,68.40,15.85
10.00,112.38,15.85
10.00,112.38,15.85
10.00,77.40,15.85
10.00,77.31,23.78
10.00,77.31,15.85
10.00,77.22,15.85
10.00,77.22,23.78
10.00,32.92,15.85
10.00,32.92,15.85
10.00,111.78,15.85
10.00,76.81,15.85
10.00,76.81,15.85
10.00,76.71,23.78
10.00,76.71,15.85
10.00,76.62,15.85
10.00,76.62,15.85
10.00,76.53,15.85
10.00,76.43,15.85
10.00,76.43,23.78
10.00,32.14,7.93
10.00,32.14,15.85
10.00,111.00,15.85
10.00,111.00,15.85
10.00,76.03,15.85
10.00,75.93,23.78
10.00,75.93,15.85
10.00,75.84,15.85
10.00,75.84,15.85
10.00,75.75,15.85
10.00,75.65,15.85
10.00,75.65,15.85
10.00,75.56,15.85
10.00,75.56,15.85
10.00,75.46,15.85
10.00,75.46,15.85
10.00,75.37,15.85
10.00,75.28,15.85
10.00,75.28,7.93
10.00,119.39,15.85
10.00,119.39,23.78
10.00,119.39,15.85
10.00,119.39,23.78
10.00,119.39,23.78
10.00,119.39,23.78
10.00,119.39,23.78
10.00,119.39,23.78
10.00,119.39,31.71
10.00,119.39,23.78
10.00,119.39,31.71
10.00,119.39,23.78
10.00,119.39,31.71
10.00,119.39,31.71
10.00,119.39,31.71
10.00,119.39,23.78
10.00,119.39,31.71
10.00,119.39,31.71
10.00,119.39,31.71
60.00,10.73,31.71
60.00,10.73,23.78
60.00,160.03,31.71
60.00,81.52,23.78
60.00,81.52,31.71
60.00,116.86,31.71
60.00,116.86,31.71
60.00,117.31,23.78
60.00,117.31,31.71
60.00,117.76,31.71
60.00,118.21,31.71
60.00,118.21,31.71
60.00,118.67,23.78
60.00,118.67,31.71
60.00,119.12,31.71
60.00,119.12,31.71
60.00,119.57,31.71
60.00,120.02,31.71
60.00,120.02,31.71
60.00,120.48,31.71
60.00,120.48,31.71
60.00,120.93,31.71
60.00,120.93,31.71
60.00,121.38,31.71
60.00,121.83,31.71
60.00,121.83,31.71
60.00,122.29,31.71
60.00,122.29,31.71
60.00,122.74,31.71
60.00,122.74,31.71
60.00,123.19,39.64
60.00,79.44,31.71
60.00,79.44,31.71
60.00,158.85,31.71
60.00,158.85,31.71
60.00,124.42,31.71
60.00,124.42,39.64
60.00,80.67,31.71
60.00,160.08,31.71
60.00,160.08,31.71
60.00,125.65,39.64
60.00,125.65,39.64
60.00,81.90,31.71
60.00,81.90,39.64
60.00,117.11,31.71
60.00,161.64,31.71
60.00,161.64,31.71
60.00,127.21,39.64
60.00,127.21,39.64
60.00,83.46,31.71
60.00,83.46,39.64
60.00,118.67,31.71
60.00,118.67,39.64
60.00,163.20,31.71
60.00,128.77,39.64
60.00,128.77,39.64
60.00,85.02,31.71
60.00,85.02,39.64
60.00,120.22,31.71
60.00,120.22,39.64
60.00,120.55,31.71
60.00,165.08,31.71
60.00,165.08,39.64
60.00,86.45,39.64
60.00,86.45,31.71
60.00,165.86,39.64
60.00,165.86,39.64
60.00,87.23,39.64
60.00,122.43,31.71
60.00,122.43,39.64
60.00,122.76,39.64
60.00,122.76,31.71
60.00,167.29,39.64
60.00,167.29,39.64
60.00,88.66,39.64
60.00,123.86,31.71
60.00,123.86,39.64
60.00,124.19,39.64
60.00,124.19,31.71
60.00,168.72,39.64
60.00,168.72,39.64
60.00,90.09,39.64
60.00,125.29,39.64
60.00,125.29,39.64
60.00,125.62,31.71
60.00,125.62,39.64
60.00,125.94,39.64
60.00,125.94,31.71
60.00,170.47,39.64
60.00,91.84,39.64
60.00,91.84,39.64
60.00,127.05,39.64
60.00,127.05,31.71
60.00,171.58,39.64
60.00,171.58,39.64
60.00,92.95,39.64
60.00,128.15,39.64
60.00,128.15,39.64
60.00,128.48,39.64
60.00,128.48,39.64
60.00,128.80,31.71
60.00,128.80,39.64
60.00,129.13,39.64
60.00,129.46,39.64
60.00,129.46,31.71
60.00,173.99,39.64
60.00,173.99,39.64
60.00,95.35,39.64
60.00,95.35,39.64
60.00,130.56,39.64
60.00,130.89,39.64
60.00,130.89,39.64
60.00,131.21,39.64
60.00,131.21,31.71
60.00,175.74,39.64
60.00,175.74,39.64
60.00,97.11,47.56
60.00,88.11,39.64
60.00,88.11,39.64
60.00,167.40,31.71
60.00,167.40,39.64
60.00,132.84,47.56
60.00,132.84,39.64
60.00,133.17,39.64
60.00,133.49,39.64
60.00,133.49,39.64
60.00,133.82,39.64
60.00,133.82,39.64
60.00,134.14,39.64
60.00,134.14,31.71
60.00,178.67,39.64
60.00,178.67,47.56
60.00,55.84,39.64
60.00,170.00,39.64
60.00,170.00,39.64
60.00,135.45,47.56
60.00,135.45,39.64
60.00,135.77,39.64
60.00,135.77,39.64
60.00,136.10,47.56
60.00,92.22,39.64
60.00,92.22,39.64
60.00,171.50,39.64
60.00,171.50,39.64
60.00,136.95,39.64
60.00,136.95,39.64
60.00,137.28,47.56
60.00,93.40,39.64
60.00,93.40,39.64
60.00,172.68,39.64
60.00,172.68,39.64
60.00,138.13,39.64
60.00,138.13,39.64
60.00,138.45,47.56
60.00,94.57,39.64
60.00,94.57,39.64
60.00,173.86,39.64
60.00,173.86,39.64
60.00,139.30,47.56
60.00,139.30,39.64
60.00,139.63,39.64
60.00,139.95,47.56
60.00,139.95,39.64
60.00,140.28,39.64
60.00,140.28,47.56
60.00,96.40,39.64
60.00,96.40,39.64
60.00,175.69,39.64
60.00,141.13,39.64
60.00,141.13,39.64
60.00,141.46,47.56
60.00,141.46,39.64
60.00,141.78,47.56
60.00,141.78,39.64
60.00,142.11,39.64
60.00,142.43,39.64
60.00,142.43,47.56
60.00,98.56,39.64
60.00,98.56,39.64
60.00,177.84,39.64
60.00,177.84,39.64
60.00,143.28,47.56
60.00,99.41,39.64
60.00,99.41,39.64
60.00,178.69,47.56
60.00,178.69,39.64
60.00,144.14,47.56
60.00,144.14,39.64
60.00,144.46,47.56
60.00,100.58,39.64
60.00,100.58,47.56
60.00,135.66,39.64
60.00,135.66,39.64
60.00,180.07,39.64
60.00,180.07,39.64
60.00,145.51,47.56
60.00,101.63,47.56
60.00,101.63,39.64
60.00,180.92,39.64
60.00,180.92,47.56
60.00,102.16,47.56
60.00,102.16,39.64
60.00,181.44,47.56
60.00,102.68,39.64
60.00,102.68,47.56
60.00,137.76,39.64
60.00,137.76,47.56
60.00,137.96,39.64
60.00,137.96,39.64
60.00,182.36,47.56
60.00,182.36,39.64
60.00,103.61,47.56
60.00,138.68,47.56
60.00,138.68,39.64
60.00,183.09,39.64
60.00,183.09,47.56
60.00,104.33,47.56
60.00,104.33,47.56
60.00,139.41,39.64
60.00,183.81,39.64
60.00,183.81,47.56
60.00,105.05,47.56
60.00,105.05,47.56
60.00,140.13,39.64
60.00,140.13,47.56
60.00,140.33,39.64
60.00,184.73,47.56
60.00,184.73,39.64
60.00,150.18,47.56
60.00,150.18,47.56
60.00,106.30,47.56
60.00,106.30,39.64
60.00,185.58,47.56
60.00,106.83,47.56
60.00,106.83,47.56
60.00,141.91,39.64
60.00,141.91,47.56
60.00,142.10,39.64
60.00,142.10,47.56
60.00,142.30,39.64
60.00,186.71,47.56
60.00,186.71,39.64
60.00,152.15,47.56
60.00,152.15,47.56
60.00,108.27,47.56
60.00,108.27,47.56
60.00,143.35,39.64
60.00,187.76,47.56
60.00,187.76,39.64
60.00,153.20,47.56
60.00,153.20,47.56
60.00,109.32,39.64
60.00,109.32,47.56
60.00,144.40,47.56
60.00,144.60,39.64
60.00,144.60,47.56
60.00,144.80,47.56
60.00,144.80,39.64
60.00,189.20,47.56
60.00,189.20,39.64
60.00,154.65,47.56
60.00,110.77,47.56
60.00,110.77,47.56
60.00,145.85,47.56
60.00,145.85,47.56
60.00,146.05,39.64
60.00,146.05,47.56
60.00,146.25,47.56
60.00,146.25,39.64
60.00,146.45,39.64
60.00,190.85,47.56
60.00,190.85,47.56
60.00,112.09,47.56
60.00,112.09,47.56
60.00,147.17,39.64
60.00,147.17,47.56
60.00,191.57,47.56
60.00,112.82,47.56
60.00,112.82,47.56
60.00,147.89,47.56
60.00,147.89,47.56
60.00,148.09,39.64
60.00,148.09,47.56
60.00,148.29,47.56
60.00,148.49,47.56
60.00,148.49,39.64
60.00,192.89,47.56
60.00,192.89,47.56
60.00,114.14,47.56
60.00,114.14,47.56
60.00,149.22,47.56
60.00,149.41,47.56
60.00,149.41,39.64
60.00,193.82,47.56
60.00,193.82,47.56
60.00,115.06,47.56
60.00,115.06,47.56
60.00,150.14,47.56
60.00,150.34,47.56
60.00,150.34,47.56
60.00,150.54,47.56
60.00,150.54,47.56
60.00,150.74,47.56
60.00,150.74,39.64
60.00,195.14,47.56
60.00,116.38,47.56
60.00,116.38,55.49
60.00,107.26,47.56
60.00,107.26,39.64
60.00,230.61,47.56
60.00,230.61,47.56
60.00,116.98,55.49
60.00,107.85,47.56
60.00,107.85,47.56
60.00,187.01,47.56
60.00,187.01,47.56
60.00,152.33,55.49
60.00,152.33,47.56
60.00,152.53,47.56
60.00,152.72,47.56
60.00,152.72,47.56
60.00,152.92,47.56
60.00,152.92,47.56
60.00,153.12,47.56
60.00,153.12,47.56
60.00,153.32,47.56
60.00,153.52,47.56
60.00,153.52,47.56
60.00,153.72,47.56
60.00,153.72,47.56
60.00,153.92,47.56
60.00,153.92,47.56
60.00,154.12,39.64
60.00,154.12,47.56
60.00,198.52,47.56
60.00,119.76,55.49
60.00,119.76,47.56
60.00,154.84,47.56
60.00,154.84,47.56
60.00,155.04,47.56
60.00,155.04,47.56
60.00,155.24,47.56
60.00,155.44,47.56
60.00,155.44,47.56
60.00,155.64,47.56
60.00,155.64,47.56
60.00,155.84,47.56
60.00,155.84,39.64
60.00,200.24,55.49
60.00,77.28,47.56
60.00,77.28,47.56
60.00,191.31,47.56
60.00,191.31,47.56
60.00,156.63,47.56
60.00,156.63,55.49
60.00,112.63,47.56
60.00,191.78,47.56
60.00,191.78,47.56
60.00,157.10,47.56
60.00,157.10,55.49
60.00,113.10,47.56
60.00,113.10,47.56
60.00,192.25,47.56
60.00,157.57,47.56
60.00,157.57,55.49
60.00,113.57,47.56
60.00,113.57,47.56
60.00,192.72,47.56
60.00,192.72,47.56
60.00,158.04,55.49
60.00,114.04,47.56
60.00,114.04,47.56
60.00,193.19,47.56
60.00,193.19,47.56
60.00,158.51,55.49
60.00,158.51,47.56
60.00,158.71,55.49
60.00,114.71,47.56
60.00,114.71,47.56
60.00,193.86,47.56
60.00,193.86,47.56
60.00,159.18,55.49
60.00,159.18,47.56
60.00,159.38,47.56
60.00,159.58,55.49
60.00,159.58,47.56
60.00,159.78,47.56
60.00,159.78,55.49
60.00,115.77,47.56
60.00,115.77,47.56
60.00,194.93,47.56
60.00,194.93,47.56
60.00,160.25,47.56
60.00,160.45,47.56
60.00,160.45,47.56
60.00,160.65,55.49
60.00,160.65,47.56
60.00,160.85,47.56
60.00,160.85,47.56
60.00,161.04,55.49
60.00,117.04,47.56
60.00,117.04,47.56
60.00,196.20,47.56
60.00,196.20,47.56
60.00,161.51,55.49
60.00,161.51,47.56
60.00,161.71,47.56
60.00,161.91,55.49
60.00,161.91,47.56
60.00,162.11,47.56
60.00,162.11,55.49
60.00,118.11,47.56
60.00,118.11,47.56
60.00,197.26,47.56
60.00,162.58,47.56
60.00,162.58,47.56
60.00,162.78,47.56
60.00,162.78,55.49
60.00,118.78,47.56
60.00,118.78,47.56
60.00,197.93,47.56
60.00,163.25,55.49
60.00,163.25,47.56
60.00,163.45,55.49
60.00,163.45,47.56
60.00,163.65,55.49
60.00,163.65,47.56
60.00,163.85,47.56
60.00,164.05,55.49
60.00,164.05,47.56
60.00,164.25,55.49
60.00,164.25,47.56
60.00,164.44,55.49
60.00,164.44,47.56
60.00,164.64,47.56
60.00,164.84,55.49
60.00,164.84,47.56
60.00,165.04,47.56
60.00,165.04,55.49
60.00,121.04,47.56
60.00,121.04,47.56
60.00,200.19,47.56
60.00,165.51,55.49
60.00,165.51,47.56
60.00,165.71,55.49
60.00,165.71,47.56
60.00,165.91,55.49
60.00,165.91,47.56
60.00,166.11,55.49
60.00,166.11,47.56
60.00,122.10,47.56
60.00,201.26,55.49
60.00,201.26,47.56
60.00,166.58,55.49
60.00,166.58,47.56
60.00,166.78,55.49
60.00,166.78,55.49
60.00,122.77,47.56
60.00,201.93,47.56
60.00,201.93,55.49
60.00,123.04,55.49
60.00,123.04,47.56
60.00,202.20,55.49
60.00,202.20,47.56
60.00,167.52,55.49
60.00,123.51,55.49
60.00,123.51,55.49
60.00,158.47,47.56
60.00,158.47,47.56
60.00,202.74,47.56
60.00,202.74,55.49
60.00,123.86,47.56
60.00,203.01,55.49
60.00,203.01,47.56
60.00,168.33,55.49
60.00,168.33,55.49
60.00,124.33,55.49
60.00,124.33,55.49
60.00,159.28,47.56
60.00,203.56,55.49
60.00,203.56,47.56
60.00,168.87,55.49
60.00,168.87,55.49
60.00,124.87,55.49
60.00,124.87,47.56
60.00,204.03,55.49
60.00,125.14,55.49
60.00,125.14,55.49
60.00,160.09,47.56
60.00,160.09,55.49
60.00,160.17,47.56
60.00,160.17,47.56
60.00,204.44,55.49
60.00,125.56,55.49
60.00,125.56,47.56
60.00,204.71,55.49
60.00,204.71,55.49
60.00,125.83,55.49
60.00,125.83,47.56
60.00,204.98,55.49
60.00,204.98,55.49
60.00,126.10,55.49
60.00,161.05,47.56
60.00,161.05,55.49
60.00,161.12,55.49
60.00,161.12,47.56
60.00,205.40,55.49
60.00,205.40,55.49
60.00,126.51,47.56
60.00,205.67,55.49
60.00,205.67,55.49
60.00,126.78,55.49
60.00,126.78,55.49
60.00,161.74,55.49
60.00,161.74,47.56
60.00,206.01,55.49
60.00,127.13,55.49
60.00,127.13,55.49
60.00,162.08,47.56
60.00,162.08,55.49
60.00,162.15,47.56
60.00,162.15,47.56
60.00,206.43,55.49
60.00,127.54,55.49
60.00,127.54,47.56
60.00,206.70,55.49
60.00,206.70,55.49
60.00,127.81,55.49
60.00,127.81,55.49
60.00,162.77,47.56
60.00,207.04,55.49
60.00,207.04,55.49
60.00,128.16,55.49
60.00,128.16,55.49
60.00,163.11,47.56
60.00,163.11,55.49
60.00,163.18,55.49
60.00,163.25,47.56
60.00,163.25,55.49
60.00,163.33,47.56
60.00,163.33,55.49
60.00,163.40,47.56
60.00,163.40,55.49
60.00,163.47,47.56
60.00,163.47,55.49
60.00,207.75,47.56
60.00,173.06,55.49
60.00,173.06,55.49
60.00,129.06,55.49
60.00,129.06,55.49
60.00,164.01,47.56
60.00,164.01,55.49
60.00,208.29,47.56
60.00,173.61,55.49
60.00,173.61,55.49
60.00,129.60,55.49
60.00,129.60,55.49
60.00,164.56,47.56
60.00,164.56,55.49
60.00,208.83,55.49
60.00,129.95,55.49
60.00,129.95,47.56
60.00,209.10,55.49
60.00,209.10,55.49
60.00,130.22,55.49
60.00,130.22,55.49
60.00,165.17,55.49
60.00,165.24,55.49
60.00,165.24,47.56
60.00,209.52,55.49
60.00,209.52,55.49
60.00,130.63,55.49
60.00,130.63,55.49
60.00,165.59,55.49
60.00,165.66,47.56
60.00,165.66,55.49
60.00,165.66,55.49
60.00,165.66,47.56
60.00,165.66,55.49
60.00,165.66,55.49
60.00,165.66,47.56
60.00,165.66,55.49
60.00,165.66,47.56
60.00,165.66,55.49
60.00,165.66,47.56
60.00,165.66,55.49
60.00,165.66,47.56
60.00,165.66,55.49
60.00,165.66,47.56
60.00,165.66,55.49
60.00,165.66,47.56
60.00,165.66,55.49
60.00,165.66,47.56
200.00,255.00,55.49
200.00,255.00,55.49
200.00,255.00,63.42
200.00,255.00,63.42
200.00,255.00,71.35
200.00,255.00,71.35
200.00,255.00,71.35
200.00,255.00,71.35
200.00,255.00,79.27
200.00,255.00,79.27
200.00,255.00,79.27
200.00,255.00,79.27
200.00,255.00,71.35
200.00,255.00,79.27
200.00,255.00,79.27
200.00,255.00,79.27
200.00,255.00,71.35
200.00,255.00,79.27
200.00,255.00,79.27
200.00,255.00,79.27
200.00,255.00,79.27
200.00,255.00,79.27
200.00,255.00,79.27
200.00,255.00,79.27
200.00,255.00,87.20
200.00,255.00,79.27
200.00,255.00,79.27
200.00,255.00,79.27
200.00,255.00,79.27
200.00,255.00,79.27
200.00,255.00,87.20
200.00,255.00,79.27
200.00,255.00,79.27
200.00,255.00,79.27
200.00,255.00,79.27
200.00,255.00,79.27
200.00,255.00,79.27
200.00,255.00,79.27
200.00,255.00,79.27
200.00,255.00,79.27
200.00,255.00,79.27
200.00,255.00,79.27
200.00,255.00,79.27
200.00,255.00,79.27
200.00,255.00,79.27
200.00,255.00,87.20
200.00,255.00,79.27
200.00,255.00,79.27
200.00,255.00,79.27
200.00,255.00,79.27
200.00,255.00,79.27
200.00,255.00,79.27
200.00,255.00,79.27
200.00,255.00,79.27
200.00,255.00,87.20
200.00,255.00,87.20
200.00,255.00,87.20
200.00,255.00,79.27
200.00,255.00,79.27
200.00,255.00,79.27
200.00,255.00,79.27
200.00,255.00,79.27
200.00,255.00,79.27
200.00,255.00,79.27
200.00,255.00,79.27
200.00,255.00,79.27
200.00,255.00,87.20
200.00,255.00,87.20
200.00,255.00,79.27
200.00,255.00,79.27
200.00,255.00,79.27
200.00,255.00,79.27
200.00,255.00,79.27
200.00,255.00,79.27
200.00,255.00,79.27
200.00,255.00,79.27
200.00,255.00,79.27
200.00,255.00,79.27
200.00,255.00,87.20
200.00,255.00,87.20
200.00,255.00,79.27
200.00,255.00,79.27
200.00,255.00,79.27
200.00,255.00,79.27
200.00,255.00,79.27
200.00,255.00,79.27
200.00,255.00,79.27
200.00,255.00,79.27
200.00,255.00,79.27
200.00,255.00,79.27
200.00,255.00,79.27
200.00,255.00,87.20
200.00,255.00,87.20
200.00,255.00,87.20
200.00,255.00,79.27
200.00,255.00,79.27
200.00,255.00,79.27
200.00,255.00,79.27
200.00,255.00,79.27
200.00,255.00,79.27
200.00,255.00,79.27
200.00,255.00,79.27
200.00,255.00,79.27
200.00,255.00,79.27
200.00,255.00,79.27
200.00,255.00,87.20
200.00,255.00,87.20
200.00,255.00,87.20
200.00,255.00,87.20
200.00,255.00,79.27
200.00,255.00,79.27
200.00,255.00,79.27
200.00,255.00,79.27
200.00,255.00,79.27
200.00,255.00,79.27
200.00,255.00,79.27
200.00,255.00,79.27
200.00,255.00,79.27
200.00,255.00,79.27
200.00,255.00,79.27
200.00,255.00,79.27
200.00,255.00,79.27
200.00,255.00,79.27
200.00,255.00,79.27
200.00,255.00,79.27
200.00,255.00,79.27
200.00,255.00,79.27
200.00,255.00,87.20
200.00,255.00,87.20
200.00,255.00,87.20
200.00,255.00,87.20
200.00,255.00,87.20
200.00,255.00,79.27
200.00,255.00,79.27
200.00,255.00,79.27
200.00,255.00,79.27
200.00,255.00,79.27
200.00,255.00,79.27
200.00,255.00,79.27
200.00,255.00,79.27
200.00,255.00,79.27
200.00,255.00,79.27
200.00,255.00,79.27
200.00,255.00,79.27
200.00,255.00,79.27
200.00,255.00,79.27
200.00,255.00,79.27
200.00,255.00,79.27
200.00,255.00,79.27
200.00,255.00,79.27
200.00,255.00,87.20
200.00,255.00,87.20
200.00,255.00,87.20
200.00,255.00,79.27
200.00,255.00,79.27
200.00,255.00,79.27
200.00,255.00,79.27
200.00,255.00,79.27
200.00,255.00,79.27
200.00,255.00,79.27
200.00,255.00,79.27
200.00,255.00,79.27
200.00,255.00,79.27
200.00,255.00,79.27
200.00,255.00,79.27
200.00,255.00,79.27
200.00,255.00,79.27
200.00,255.00,79.27
200.00,255.00,79.27
200.00,255.00,87.20
200.00,255.00,87.20
200.00,255.00,87.20
200.00,255.00,87.20
200.00,255.00,87.20
200.00,255.00,87.20
200.00,255.00,87.20
200.00,255.00,79.27
200.00,255.00,79.27
200.00,255.00,79.27
200.00,255.00,79.27
200.00,255.00,79.27
200.00,255.00,79.27
200.00,255.00,79.27
200.00,255.00,79.27
200.00,255.00,79.27
200.00,255.00,79.27
200.00,255.00,79.27
200.00,255.00,79.27
200.00,255.00,79.27
200.00,255.00,79.27
200.00,255.00,79.27
200.00,255.00,79.27
200.00,255.00,79.27
200.00,255.00,79.27
200.00,255.00,87.20
200.00,255.00,79.27
200.00,255.00,87.20
200.00,255.00,87.20
200.00,255.00,87.20
200.00,255.00,87.20
200.00,255.00,87.20
200.00,255.00,79.27
200.00,255.00,79.27
200.00,255.00,79.27
200.00,255.00,87.20
200.00,255.00,79.27
200.00,255.00,79.27
200.00,255.00,79.27
200.00,255.00,79.27
200.00,255.00,79.27
200.00,255.00,79.27
200.00,255.00,79.27
200.00,255.00,79.27
200.00,255.00,79.27
200.00,255.00,79.27
200.00,255.00,79.27
200.00,255.00,79.27
200.00,255.00,79.27
200.00,255.00,79.27
200.00,255.00,79.27
200.00,255.00,79.27
200.00,255.00,79.27
200.00,255.00,79.27
200.00,255.00,79.27
200.00,255.00,79.27
200.00,255.00,79.27
200.00,255.00,79.27
200.00,255.00,79.27
200.00,255.00,79.27
200.00,255.00,79.27
200.00,255.00,79.27
200.00,255.00,79.27
200.00,255.00,79.27
200.00,255.00,79.27
200.00,255.00,79.27
200.00,255.00,79.27
200.00,255.00,79.27
200.00,255.00,79.27
200.00,255.00,79.27
200.00,255.00,79.27
200.00,255.00,79.27
200.00,255.00,79.27
200.00,255.00,79.27
200.00,255.00,79.27
200.00,255.00,79.27
200.00,255.00,79.27
200.00,255.00,79.27
200.00,255.00,79.27
200.00,255.00,79.27
200.00,255.00,79.27
200.00,255.00,79.27
200.00,255.00,79.27
200.00,255.00,79.27
200.00,255.00,79.27
200.00,255.00,79.27
200.00,255.00,87.20
200.00,255.00,87.20
200.00,255.00,87.20
200.00,255.00,87.20
200.00,255.00,87.20
200.00,255.00,79.27
200.00,255.00,87.20
200.00,255.00,87.20
200.00,255.00,87.20
200.00,255.00,87.20
200.00,255.00,87.20
200.00,255.00,87.20
200.00,255.00,87.20
200.00,255.00,87.20
200.00,255.00,87.20
200.00,255.00,87.20
200.00,255.00,87.20
200.00,255.00,87.20
200.00,255.00,87.20
200.00,255.00,87.20
200.00,255.00,87.20
200.00,255.00,79.27
200.00,255.00,79.27
200.00,255.00,79.27
200.00,255.00,79.27
200.00,255.00,79.27
200.00,255.00,87.20
200.00,255.00,79.27
200.00,255.00,79.27
200.00,255.00,79.27
200.00,255.00,79.27
200.00,255.00,79.27
200.00,255.00,87.20
200.00,255.00,79.27
200.00,255.00,79.27
200.00,255.00,79.27
200.00,255.00,79.27
200.00,255.00,79.27
200.00,255.00,79.27
200.00,255.00,79.27
200.00,255.00,79.27
200.00,255.00,79.27
200.00,255.00,79.27
200.00,255.00,79.27
200.00,255.00,79.27
200.00,255.00,79.27
200.00,255.00,79.27
200.00,255.00,79.27
200.00,255.00,79.27
200.00,255.00,79.27
200.00,255.00,79.27
200.00,255.00,79.27
200.00,255.00,79.27
200.00,255.00,79.27
200.00,255.00,79.27
200.00,255.00,79.27
200.00,255.00,79.27
200.00,255.00,79.27
200.00,255.00,79.27
200.00,255.00,79.27
200.00,255.00,79.27
200.00,255.00,79.27
200.00,255.00,79.27
200.00,255.00,79.27
200.00,255.00,79.27
200.00,255.00,79.27
200.00,255.00,79.27
200.00,255.00,79.27
200.00,255.00,87.20
200.00,255.00,79.27
200.00,255.00,79.27
200.00,255.00,79.27
200.00,255.00,87.20
200.00,255.00,87.20
200.00,255.00,87.20
200.00,255.00,87.20
200.00,255.00,87.20
200.00,255.00,87.20
200.00,255.00,87.20
200.00,255.00,87.20
200.00,255.00,87.20
200.00,255.00,87.20
200.00,255.00,87.20
200.00,255.00,87.20
200.00,255.00,87.20
200.00,255.00,87.20
200.00,255.00,87.20
200.00,255.00,87.20
200.00,255.00,87.20
200.00,255.00,87.20
200.00,255.00,87.20
200.00,255.00,87.20
200.00,255.00,87.20
200.00,255.00,87.20
200.00,255.00,87.20
200.00,255.00,79.27
200.00,255.00,87.20
200.00,255.00,87.20
200.00,255.00,87.20
200.00,255.00,79.27
200.00,255.00,79.27
200.00,255.00,79.27
200.00,255.00,87.20
200.00,255.00,87.20
200.00,255.00,87.20
200.00,255.00,79.27
200.00,255.00,79.27
200.00,255.00,79.27
200.00,255.00,87.20
200.00,255.00,87.20
200.00,255.00,87.20
200.00,255.00,79.27
200.00,255.00,79.27
200.00,255.00,79.27
200.00,255.00,79.27
200.00,255.00,79.27
200.00,255.00,79.27
200.00,255.00,79.27
200.00,255.00,79.27
200.00,255.00,79.27
200.00,255.00,79.27
200.00,255.00,79.27
200.00,255.00,79.27
200.00,255.00,79.27
200.00,255.00,79.27
200.00,255.00,79.27
200.00,255.00,79.27
200.00,255.00,79.27
200.00,255.00,79.27
200.00,255.00,79.27
200.00,255.00,79.27
200.00,255.00,79.27
200.00,255.00,79.27
200.00,255.00,79.27
200.00,255.00,79.27
200.00,255.00,79.27
200.00,255.00,79.27
200.00,255.00,79.27
200.00,255.00,79.27
200.00,255.00,79.27
200.00,255.00,79.27
200.00,255.00,79.27
200.00,255.00,79.27
200.00,255.00,79.27
200.00,255.00,79.27
200.00,255.00,79.27
200.00,255.00,79.27
200.00,255.00,79.27
200.00,255.00,79.27
200.00,255.00,79.27
200.00,255.00,79.27
200.00,255.00,79.27
200.00,255.00,79.27
200.00,255.00,79.27
200.00,255.00,79.27
200.00,255.00,79.27
200.00,255.00,79.27
200.00,255.00,79.27
200.00,255.00,79.27
200.00,255.00,79.27
200.00,255.00,79.27
200.00,255.00,79.27
200.00,255.00,79.27
200.00,255.00,79.27
200.00,255.00,79.27
200.00,255.00,87.20
200.00,255.00,79.27
200.00,255.00,79.27
200.00,255.00,79.27
200.00,255.00,87.20
200.00,255.00,87.20
200.00,255.00,87.20
200.00,255.00,87.20
200.00,255.00,87.20
200.00,255.00,87.20
200.00,255.00,87.20
200.00,255.00,87.20
200.00,255.00,87.20
200.00,255.00,87.20
200.00,255.00,87.20
200.00,255.00,87.20
200.00,255.00,87.20
200.00,255.00,87.20
200.00,255.00,87.20
200.00,255.00,87.20
200.00,255.00,87.20
200.00,255.00,79.27
200.00,255.00,87.20
200.00,255.00,87.20
200.00,255.00,87.20
200.00,255.00,79.27
200.00,255.00,79.27
200.00,255.00,79.27
200.00,255.00,79.27
200.00,255.00,79.27
200.00,255.00,79.27
200.00,255.00,79.27
200.00,255.00,79.27
200.00,255.00,79.27
200.00,255.00,79.27
200.00,255.00,79.27
200.00,255.00,79.27
200.00,255.00,79.27
200.00,255.00,79.27
200.00,255.00,79.27
200.00,255.00,79.27
200.00,255.00,79.27
200.00,255.00,79.27
200.00,255.00,79.27
200.00,255.00,79.27
200.00,255.00,79.27
200.00,255.00,79.27
200.00,255.00,79.27
200.00,255.00,79.27
200.00,255.00,79.27
200.00,255.00,79.27
200.00,255.00,79.27
200.00,255.00,79.27
200.00,255.00,79.27
200.00,255.00,79.27
200.00,255.00,87.20
200.00,255.00,79.27
200.00,255.00,79.27
200.00,255.00,79.27
200.00,255.00,87.20
200.00,255.00,87.20
200.00,255.00,87.20
200.00,255.00,87.20
200.00,255.00,87.20
200.00,255.00,87.20
200.00,255.00,87.20
200.00,255.00,87.20
200.00,255.00,87.20
200.00,255.00,87.20
200.00,255.00,87.20
200.00,255.00,87.20
200.00,255.00,87.20
200.00,255.00,87.20
200.00,255.00,87.20
200.00,255.00,79.27
200.00,255.00,79.27
200.00,255.00,79.27
200.00,255.00,79.27
200.00,255.00,79.27
200.00,255.00,79.27
200.00,255.00,79.27
0.00,196.65,79.27
0.00,196.65,79.27
0.00,160.51,79.27
0.00,160.51,79.27
0.00,159.24,71.35
0.00,202.17,71.35
0.00,202.17,71.35
0.00,166.15,63.42
0.00,166.15,63.42
0.00,209.21,63.42
0.00,209.21,71.35
0.00,129.11,63.42
0.00,207.06,63.42
0.00,207.06,63.42
0.00,171.16,63.42
0.00,171.16,63.42
0.00,170.15,63.42
0.00,170.15,63.42
0.00,169.13,63.42
0.00,168.12,55.49
0.00,168.12,55.49
0.00,211.30,55.49
0.00,211.30,63.42
0.00,131.33,63.42
0.00,131.33,55.49
0.00,165.20,55.49
0.00,208.39,55.49
0.00,208.39,63.42
0.00,128.42,55.49
0.00,128.42,63.42
0.00,162.28,55.49
0.00,162.28,55.49
0.00,205.47,55.49
0.00,169.70,55.49
0.00,169.70,55.49
0.00,168.81,55.49
0.00,168.81,55.49
0.00,167.93,55.49
0.00,167.04,55.49
0.00,167.04,47.56
0.00,210.35,55.49
0.00,210.35,55.49
0.00,130.51,63.42
0.00,130.51,55.49
0.00,164.50,55.49
0.00,163.61,55.49
0.00,163.61,55.49
0.00,162.73,47.56
0.00,162.73,55.49
0.00,161.84,55.49
0.00,161.84,47.56
0.00,205.15,55.49
0.00,125.31,55.49
0.00,125.31,55.49
0.00,159.30,55.49
0.00,159.30,47.56
0.00,202.62,55.49
0.00,202.62,55.49
0.00,122.77,55.49
0.00,156.76,47.56
0.00,156.76,55.49
0.00,155.88,47.56
0.00,155.88,55.49
0.00,154.99,47.56
0.00,154.99,55.49
0.00,154.10,47.56
0.00,197.42,47.56
0.00,197.42,55.49
0.00,117.57,47.56
0.00,117.57,55.49
0.00,151.56,47.56
0.00,151.56,47.56
0.00,194.88,55.49
0.00,115.03,47.56
0.00,115.03,55.49
0.00,149.03,47.56
0.00,149.03,47.56
0.00,192.34,47.56
0.00,192.34,55.49
0.00,112.50,47.56
0.00,190.69,47.56
0.00,190.69,55.49
0.00,110.85,47.56
0.00,110.85,55.49
0.00,144.84,47.56
0.00,144.84,47.56
0.00,188.16,47.56
0.00,152.51,47.56
0.00,152.51,55.49
0.00,107.55,47.56
0.00,107.55,47.56
0.00,185.75,47.56
0.00,185.75,47.56
0.00,150.10,47.56
0.00,149.34,55.49
0.00,149.34,47.56
0.00,148.58,47.56
0.00,148.58,47.56
0.00,147.82,47.56
0.00,147.82,47.56
0.00,147.06,47.56
0.00,146.30,47.56
0.00,146.30,39.64
0.00,189.74,47.56
0.00,189.74,47.56
0.00,110.02,55.49
0.00,99.94,47.56
0.00,99.94,39.64
0.00,222.34,47.56
0.00,222.34,47.56
0.00,107.74,47.56
0.00,107.74,55.49
0.00,97.66,47.56
0.00,175.85,47.56
0.00,175.85,47.56
0.00,140.21,47.56
0.00,140.21,39.64
0.00,183.65,47.56
0.00,183.65,55.49
0.00,59.73,47.56
0.00,172.81,39.64
0.00,172.81,47.56
0.00,137.17,47.56
0.00,137.17,47.56
0.00,136.41,47.56
0.00,136.41,39.64
0.00,179.85,47.56
0.00,100.13,47.56
0.00,100.13,47.56
0.00,134.25,39.64
0.00,134.25,47.56
0.00,133.49,39.64
0.00,133.49,47.56
0.00,132.73,39.64
0.00,176.17,39.64
0.00,176.17,47.56
0.00,96.45,39.64
0.00,96.45,47.56
0.00,130.57,39.64
0.00,130.57,39.64
0.00,174.01,47.56
0.00,94.30,39.64
0.00,94.30,47.56
0.00,128.42,39.64
0.00,128.42,39.64
0.00,171.86,39.64
0.00,136.34,39.64
0.00,136.34,47.56
0.00,91.51,39.64
0.00,91.51,47.56
0.00,125.62,39.64
0.00,125.62,39.64
0.00,169.07,39.64
0.00,133.55,39.64
0.00,133.55,39.64
0.00,132.92,39.64
0.00,132.92,47.56
0.00,88.08,39.64
0.00,88.08,39.64
0.00,166.40,31.71
0.00,175.09,47.56
0.00,175.09,39.64
0.00,95.50,47.56
0.00,95.50,39.64
0.00,129.75,39.64
0.00,129.75,47.56
0.00,84.91,31.71
0.00,207.44,39.64
0.00,207.44,47.56
0.00,48.76,39.64
0.00,48.76,47.56
0.00,117.76,39.64
0.00,117.76,39.64
0.00,161.20,39.64
0.00,125.69,39.64
0.00,125.69,39.64
0.00,125.05,39.64
0.00,125.05,39.64
0.00,124.42,39.64
0.00,124.42,39.64
0.00,123.79,39.64
0.00,123.15,39.64
0.00,123.15,31.71
0.00,166.72,39.64
0.00,166.72,39.64
0.00,87.13,39.64
0.00,87.13,39.64
0.00,121.38,39.64
0.00,120.74,39.64
0.00,120.74,31.71
0.00,164.31,39.64
0.00,164.31,39.64
0.00,84.72,39.64
0.00,118.97,39.64
0.00,118.97,31.71
0.00,162.54,39.64
0.00,162.54,39.64
0.00,82.94,39.64
0.00,82.94,31.71
0.00,161.39,39.64
0.00,81.80,39.64
0.00,81.80,39.64
0.00,116.05,39.64
0.00,116.05,31.71
0.00,159.62,39.64
0.00,159.62,31.71
0.00,124.23,39.64
0.00,79.52,39.64
0.00,79.52,39.64
0.00,113.77,31.71
0.00,113.77,39.64
0.00,113.13,31.71
0.00,113.13,39.64
0.00,112.50,31.71
0.00,156.07,31.71
0.00,156.07,31.71
0.00,120.68,39.64
0.00,120.68,31.71
0.00,120.17,39.64
0.00,120.17,31.71
0.00,119.66,39.64
0.00,74.95,31.71
0.00,74.95,39.64
0.00,109.20,31.71
0.00,109.20,31.71
0.00,152.77,31.71
0.00,152.77,31.71
0.00,117.38,31.71
0.00,116.87,39.64
0.00,116.87,31.71
0.00,116.37,39.64
0.00,116.37,31.71
0.00,115.86,31.71
0.00,115.86,31.71
0.00,115.35,31.71
0.00,114.84,31.71
0.00,114.84,39.64
0.00,70.13,31.71
0.00,70.13,31.71
0.00,148.58,23.78
0.00,148.58,31.71
0.00,157.40,39.64
0.00,33.73,31.71
0.00,33.73,39.64
0.00,102.86,31.71
0.00,102.86,31.71
0.00,146.43,31.71
0.00,111.04,31.71
0.00,111.04,31.71
0.00,110.53,31.71
0.00,110.53,31.71
0.00,110.02,31.71
0.00,110.02,39.64
0.00,65.31,31.71
0.00,143.76,23.78
0.00,143.76,31.71
0.00,108.38,31.71
0.00,108.38,31.71
0.00,107.87,31.71
0.00,107.87,31.71
0.00,107.36,31.71
0.00,106.85,31.71
0.00,106.85,31.71
0.00,106.35,31.71
0.00,106.35,23.78
0.00,150.04,31.71
0.00,150.04,31.71
0.00,70.58,31.71
0.00,104.95,31.71
0.00,104.95,31.71
0.00,104.44,31.71
0.00,104.44,31.71
0.00,103.94,31.71
0.00,103.94,23.78
0.00,147.63,31.71
0.00,68.17,31.71
0.00,68.17,31.71
0.00,102.54,31.71
0.00,102.54,31.71
0.00,102.03,23.78
0.00,102.03,31.71
0.00,101.53,23.78
0.00,145.22,31.71
0.00,145.22,31.71
0.00,65.76,31.71
0.00,65.76,31.71
0.00,100.13,23.78
0.00,100.13,31.71
0.00,143.83,31.71
0.00,64.36,31.71
0.00,64.36,31.71
0.00,98.74,23.78
0.00,98.74,31.71
0.00,98.23,23.78
0.00,141.92,31.71
0.00,141.92,31.71
0.00,62.46,23.78
0.00,62.46,31.71
0.00,96.83,31.71
0.00,96.83,23.78
0.00,140.53,31.71
0.00,61.06,31.71
0.00,61.06,23.78
0.00,139.64,31.71
0.00,139.64,31.71
0.00,60.18,31.71
0.00,60.18,23.78
0.00,138.75,31.71
0.00,59.29,31.71
0.00,59.29,31.71
0.00,93.66,23.78
0.00,93.66,31.71
0.00,93.15,23.78
0.00,136.85,23.78
0.00,136.85,31.71
0.00,57.39,31.71
0.00,57.39,23.78
0.00,135.96,31.71
0.00,135.96,23.78
0.00,100.70,31.71
0.00,56.12,31.71
0.00,56.12,23.78
0.00,134.69,31.71
0.00,134.69,23.78
0.00,99.43,31.71
0.00,99.43,31.71
0.00,54.85,23.78
0.00,133.43,31.71
0.00,133.43,23.78
0.00,98.16,31.71
0.00,98.16,23.78
0.00,97.78,31.71
0.00,97.78,23.78
0.00,97.40,31.71
0.00,52.82,23.78
0.00,52.82,23.78
0.00,131.40,31.71
0.00,131.40,23.78
0.00,96.14,23.78
0.00,96.14,31.71
0.00,51.55,23.78
0.00,130.13,23.78
0.00,130.13,23.78
0.00,94.87,31.71
0.00,94.87,23.78
0.00,94.49,31.71
0.00,49.90,23.78
0.00,49.90,23.78
0.00,128.48,23.78
0.00,128.48,23.78
0.00,93.22,31.71
0.00,93.22,23.78
0.00,92.84,23.78
0.00,92.46,23.78
0.00,92.46,23.78
0.00,92.08,31.71
0.00,92.08,23.78
0.00,91.70,23.78
0.00,91.70,23.78
0.00,91.32,23.78
0.00,90.93,23.78
0.00,90.93,23.78
0.00,90.55,15.85
0.00,90.55,23.78
0.00,90.17,23.78
0.00,90.17,23.78
0.00,89.79,23.78
0.00,89.41,15.85
0.00,89.41,23.78
0.00,89.03,23.78
0.00,89.03,15.85
0.00,132.85,23.78
0.00,132.85,23.78
0.00,53.52,23.78
0.00,88.02,23.78
0.00,88.02,23.78
0.00,87.64,23.78
0.00,87.64,23.78
0.00,87.26,23.78
0.00,86.88,15.85
0.00,86.88,23.78
0.00,86.50,23.78
0.00,86.50,23.78
0.00,86.11,15.85
0.00,86.11,23.78
0.00,85.73,15.85
0.00,129.56,23.78
0.00,129.56,23.78
0.00,50.22,23.78
0.00,50.22,23.78
0.00,84.72,15.85
0.00,84.72,23.78
0.00,84.34,23.78
0.00,83.96,15.85
0.00,83.96,23.78
0.00,83.58,23.78
0.00,83.58,15.85
0.00,127.40,15.85
0.00,92.27,23.78
0.00,92.27,23.78
0.00,47.81,23.78
0.00,47.81,23.78
0.00,82.31,23.78
0.00,82.31,15.85
0.00,126.13,23.78
0.00,46.80,23.78
0.00,46.80,23.78
0.00,81.30,15.85
0.00,81.30,23.78
0.00,80.91,23.78
0.00,80.91,15.85
0.00,124.74,23.78
0.00,45.40,23.78
0.00,45.40,15.85
0.00,124.10,23.78
0.00,124.10,23.78
0.00,44.77,23.78
0.00,44.77,23.78
0.00,79.27,23.78
0.00,78.89,15.85
0.00,78.89,23.78
0.00,78.50,15.85
0.00,78.50,23.78
0.00,78.12,15.85
0.00,121.95,23.78
0.00,121.95,15.85
0.00,86.81,23.78
0.00,86.81,23.78
0.00,42.36,15.85
0.00,42.36,23.78
0.00,76.86,15.85
0.00,120.68,23.78
0.00,120.68,15.85
0.00,85.54,23.78
0.00,85.54,23.78
0.00,41.09,15.85
0.00,41.09,23.78
0.00,75.59,15.85
0.00,119.41,23.78
0.00,119.41,15.85
0.00,84.28,23.78
0.00,84.28,23.78
0.00,39.82,15.85
0.00,39.82,23.78
0.00,74.32,15.85
0.00,118.14,23.78
0.00,118.14,15.85
0.00,83.01,23.78
0.00,83.01,23.78
0.00,38.55,15.85
0.00,117.25,23.78
0.00,117.25,15.85
0.00,82.12,23.78
0.00,82.12,23.78
0.00,37.66,15.85
0.00,37.66,23.78
0.00,72.16,15.85
0.00,115.99,15.85
0.00,115.99,23.78
0.00,36.65,15.85
0.00,36.65,23.78
0.00,71.15,15.85
0.00,71.15,15.85
0.00,114.97,23.78
0.00,35.63,15.85
0.00,35.63,23.78
0.00,70.13,15.85
0.00,70.13,15.85
0.00,113.96,15.85
0.00,113.96,23.78
0.00,34.62,15.85
0.00,113.32,15.85
0.00,113.32,23.78
0.00,33.98,15.85
0.00,33.98,23.78
0.00,68.48,15.85
0.00,68.48,15.85
0.00,112.31,23.78
0.00,32.97,15.85
0.00,32.97,23.78
0.00,67.47,15.85
0.00,67.47,15.85
0.00,111.29,15.85
0.00,76.16,15.85
0.00,76.16,23.78
0.00,31.70,15.85
0.00,31.70,15.85
0.00,110.40,23.78
0.00,110.40,15.85
0.00,75.27,15.85
0.00,75.02,23.78
0.00,75.02,15.85
0.00,74.76,15.85
0.00,74.76,23.78
0.00,30.31,15.85
0.00,30.31,15.85
0.00,109.01,15.85
0.00,73.88,15.85
0.00,73.88,15.85
0.00,73.62,15.85
0.00,73.62,15.85
0.00,73.37,23.78
0.00,73.37,15.85
0.00,28.91,15.85
0.00,107.61,7.93
0.00,107.61,15.85
0.00,72.48,15.85
0.00,72.48,23.78
0.00,28.02,15.85
0.00,106.73,15.85
0.00,106.73,15.85
0.00,71.59,15.85
0.00,71.59,15.85
0.00,71.34,15.85
0.00,71.34,15.85
0.00,71.08,15.85
0.00,70.83,15.85
0.00,70.83,15.85
0.00,70.58,15.85
0.00,70.58,15.85
0.00,70.32,7.93
0.00,70.32,15.85
0.00,114.27,15.85
0.00,35.06,15.85
0.00,35.06,15.85
0.00,69.69,23.78
0.00,69.69,7.93
0.00,113.64,15.85
0.00,34.43,23.78
0.00,34.43,15.85
0.00,69.06,15.85
0.00,69.06,15.85
0.00,68.80,15.85
0.00,68.80,15.85
0.00,68.55,15.85
0.00,68.29,7.93
0.00,68.29,15.85
0.00,68.04,15.85
0.00,68.04,7.93
0.00,111.99,15.85
0.00,111.99,15.85
0.00,32.78,15.85
0.00,67.41,15.85
0.00,67.41,15.85
0.00,67.15,15.85
0.00,67.15,15.85
0.00,66.90,7.93
0.00,110.85,15.85
0.00,110.85,15.85
0.00,31.64,15.85
0.00,31.64,15.85
0.00,66.26,15.85
0.00,66.26,15.85
0.00,66.01,15.85
0.00,65.76,7.93
0.00,65.76,15.85
0.00,65.50,15.85
0.00,65.50,7.93
0.00,109.45,15.85
0.00,109.45,15.85
0.00,30.24,15.85
0.00,64.87,15.85
0.00,64.87,7.93
0.00,108.82,15.85
0.00,108.82,15.85
0.00,29.61,15.85
0.00,29.61,15.85
0.00,64.24,15.85
0.00,63.98,15.85
0.00,63.98,7.93
0.00,107.93,15.85
0.00,107.93,15.85
0.00,28.72,15.85
0.00,63.35,15.85
0.00,63.35,15.85
0.00,63.09,15.85
0.00,63.09,7.93
0.00,107.04,15.85
0.00,107.04,15.85
0.00,27.83,15.85
0.00,62.46,15.85
0.00,62.46,15.85
0.00,62.21,7.93
0.00,62.21,15.85
0.00,61.95,15.85
0.00,61.95,7.93
0.00,105.90,15.85
0.00,26.69,15.85
0.00,26.69,15.85
0.00,61.32,7.93
0.00,61.32,15.85
0.00,61.06,7.93
0.00,105.01,15.85
0.00,105.01,7.93
0.00,70.01,15.85
0.00,70.01,15.85
0.00,25.68,15.85
0.00,25.68,15.85
0.00,60.30,7.93
0.00,104.25,15.85
0.00,104.25,15.85
0.00,25.04,15.85
0.00,25.04,7.93
0.00,103.87,15.85
0.00,103.87,15.85
0.00,24.66,15.85
0.00,59.29,15.85
0.00,59.29,7.93
0.00,103.24,15.85
0.00,103.24,15.85
0.00,24.03,15.85
0.00,24.03,15.85
0.00,58.65,7.93
0.00,102.60,15.85
0.00,102.60,15.85
0.00,23.39,15.85
0.00,23.39,15.85
0.00,58.02,7.93
0.00,101.97,15.85
0.00,101.97,15.85
0.00,22.76,15.85
0.00,22.76,15.85
0.00,57.39,7.93
0.00,57.39,15.85
0.00,57.13,7.93
0.00,101.08,15.85
0.00,101.08,7.93
0.00,66.07,15.85
0.00,66.07,15.85
0.00,21.74,15.85
0.00,21.74,7.93
0.00,100.57,15.85
0.00,21.36,15.85
0.00,21.36,7.93
0.00,100.19,15.85
0.00,100.19,15.85
0.00,20.98,15.85
0.00,20.98,7.93
0.00,55.61,15.85
0.00,55.36,15.85
0.00,55.36,7.93
0.00,99.31,7.93
0.00,99.31,15.85
0.00,20.10,15.85
0.00,54.72,7.93
0.00,54.72,15.85
0.00,54.47,7.93
0.00,54.47,15.85
0.00,54.22,7.93
0.00,54.22,7.93
0.00,98.16,7.93
0.00,63.16,15.85
0.00,63.16,7.93
0.00,63.03,15.85
0.00,63.03,7.93
0.00,62.90,15.85
0.00,18.57,7.93
0.00,18.57,7.93
0.00,97.40,15.85
0.00,97.40,7.93
0.00,62.40,15.85
0.00,62.40,7.93
0.00,62.27,7.93
0.00,62.14,15.85
0.00,62.14,7.93
0.00,62.02,15.85
0.00,62.02,7.93
0.00,61.89,7.93
0.00,61.89,15.85
0.00,61.76,7.93
0.00,61.64,7.93
0.00,61.64,7.93
0.00,61.51,7.93
0.00,61.51,7.93
0.00,61.38,15.85
0.00,17.05,7.93
0.00,17.05,7.93
0.00,95.88,7.93
0.00,95.88,7.93
0.00,60.87,7.93
0.00,60.87,7.93
0.00,60.75,15.85
0.00,16.42,7.93
0.00,16.42,7.93
0.00,95.25,7.93
0.00,95.25,7.93
0.00,60.24,15.85
0.00,15.91,7.93
0.00,15.91,7.93
0.00,94.74,7.93
0.00,94.74,15.85
0.00,15.53,7.93
0.00,15.53,15.85
0.00,50.16,7.93
0.00,94.11,7.93
0.00,94.11,7.93
0.00,59.10,15.85
0.00,59.10,7.93
0.00,58.97,15.85
0.00,58.97,7.93
0.00,14.64,7.93
0.00,93.47,7.93
0.00,93.47,15.85
0.00,14.26,7.93
0.00,14.26,15.85
0.00,48.89,7.93
0.00,92.84,7.93
0.00,92.84,7.93
0.00,57.83,15.85
0.00,57.83,7.93
0.00,57.70,15.85
0.00,57.70,7.93
0.00,57.58,7.93
0.00,57.45,15.85
0.00,57.45,7.93
0.00,57.32,7.93
0.00,57.32,7.93
0.00,57.20,7.93
0.00,57.20,7.93
0.00,57.07,7.93
0.00,56.94,7.93
0.00,56.94,7.93
0.00,56.82,7.93
0.00,56.82,7.93
0.00,56.69,7.93
0.00,56.56,7.93
0.00,56.56,0.00
0.00,100.64,7.93
0.00,100.64,7.93
0.00,21.55,15.85
0.00,21.55,7.93
0.00,56.31,7.93
0.00,56.18,7.93
0.00,56.18,7.93
0.00,56.05,15.85
0.00,56.05,0.00
0.00,100.13,15.85
0.00,0.00,7.93
0.00,0.00,7.93
0.00,90.55,15.85
0.00,90.55,7.93
0.00,55.55,7.93
0.00,55.55,15.85
0.00,11.22,7.93
0.00,90.05,7.93
0.00,90.05,15.85
0.00,10.84,7.93
0.00,10.84,7.93
0.00,89.67,15.85
0.00,89.67,7.93
0.00,10.46,15.85
0.00,45.08,7.93
0.00,45.08,7.93
0.00,89.03,7.93
0.00,89.03,15.85
0.00,9.82,7.93
0.00,88.65,7.93
0.00,88.65,15.85
0.00,9.44,7.93
0.00,9.44,15.85
0.00,44.07,7.93
0.00,44.07,7.93
0.00,88.02,7.93
0.00,53.01,7.93
0.00,53.01,15.85
0.00,8.68,7.93
0.00,8.68,7.93
0.00,87.51,7.93
0.00,52.50,7.93
0.00,52.50,15.85
0.00,8.17,7.93
0.00,8.17,7.93
0.00,87.00,7.93
0.00,87.00,7.93
0.00,52.00,7.93
0.00,51.87,15.85
0.00,51.87,7.93
0.00,51.74,7.93
0.00,51.74,7.93
0.00,51.61,7.93
0.00,51.49,7.93
0.00,51.49,7.93
0.00,51.36,7.93
0.00,51.36,0.00
0.00,95.44,7.93
0.00,95.44,7.93
0.00,16.35,7.93
0.00,51.11,15.85
0.00,51.11,7.93
0.00,50.98,7.93
0.00,50.98,0.00
0.00,95.06,7.93
0.00,95.06,7.93
0.00,15.97,15.85
0.00,6.52,7.93
0.00,6.52,7.93
0.00,85.35,7.93
0.00,85.35,7.93
0.00,50.35,7.93
0.00,50.22,7.93
0.00,50.22,7.93
0.00,50.09,7.93
0.00,50.09,7.93
0.00,49.97,7.93
0.00,49.97,7.93
0.00,49.84,7.93
0.00,49.71,0.00
0.00,49.71,7.93
0.00,49.59,7.93
0.00,49.59,0.00
0.00,93.66,7.93
0.00,14.58,7.93
0.00,14.58,7.93
0.00,49.33,7.93
0.00,49.33,7.93
0.00,49.20,7.93
0.00,49.20,0.00
0.00,49.08,7.93
0.00,48.95,0.00
0.00,48.95,7.93
0.00,48.82,7.93
0.00,48.82,0.00
0.00,92.90,7.93
0.00,13.82,7.93
0.00,13.82,7.93
0.00,48.57,7.93
0.00,48.57,0.00
0.00,92.65,7.93
0.00,92.65,7.93
0.00,13.56,7.93
0.00,48.32,7.93
0.00,48.32,7.93
0.00,48.19,7.93
0.00,48.19,7.93
0.00,48.06,0.00
0.00,92.14,7.93
0.00,92.14,7.93
0.00,13.06,7.93
0.00,13.06,7.93
0.00,47.81,7.93
0.00,47.81,7.93
0.00,47.68,7.93
0.00,47.56,7.93
0.00,47.56,0.00
0.00,91.63,7.93
0.00,91.63,7.93
0.00,12.55,7.93
0.00,47.30,7.93
0.00,47.30,7.93
0.00,47.18,7.93
0.00,47.18,0.00
0.00,91.25,7.93
0.00,91.25,7.93
0.00,12.17,7.93
0.00,46.92,7.93
0.00,46.92,7.93
0.00,46.79,7.93
0.00,46.79,7.93
0.00,46.67,7.93
0.00,46.67,0.00
0.00,46.54,7.93
0.00,46.41,7.93
0.00,46.41,0.00
0.00,90.49,7.93
0.00,90.49,0.00
0.00,55.61,7.93
0.00,11.41,7.93
0.00,11.41,7.93
0.00,46.16,7.93
0.00,46.16,0.00
0.00,90.24,7.93
0.00,90.24,7.93
0.00,11.15,7.93
0.00,45.91,7.93
0.00,45.91,7.93
0.00,45.78,7.93
0.00,45.78,0.00
0.00,89.86,7.93
0.00,10.77,7.93
0.00,10.77,7.93
0.00,45.53,7.93
0.00,45.53,7.93
0.00,45.40,0.00
0.00,45.40,7.93
0.00,45.27,0.00
0.00,89.35,7.93
0.00,89.35,7.93
0.00,10.27,7.93
0.00,10.27,7.93
0.00,45.02,7.93
0.00,44.89,0.00
0.00,44.89,7.93
0.00,44.77,0.00
0.00,44.77,7.93
0.00,44.64,0.00
0.00,44.64,7.93
0.00,44.51,0.00
0.00,88.59,7.93
0.00,88.59,0.00
0.00,53.71,7.93
0.00,53.71,7.93
0.00,9.50,7.93
0.00,44.26,0.00
0.00,44.26,7.93
0.00,44.13,7.93
0.00,44.13,0.00
0.00,88.21,7.93
0.00,88.21,0.00
0.00,53.33,7.93
0.00,9.12,7.93
0.00,9.12,7.93
0.00,43.88,7.93
0.00,43.88,0.00
0.00,87.95,7.93
0.00,8.87,7.93
0.00,8.87,7.93
0.00,43.62,7.93
0.00,43.62,0.00
0.00,87.70,7.93
0.00,87.70,7.93
0.00,8.62,7.93
0.00,43.37,7.93
0.00,43.37,0.00
0.00,87.45,7.93
0.00,87.45,7.93
0.00,8.36,7.93
0.00,43.12,7.93
0.00,43.12,7.93
0.00,42.99,7.93
0.00,42.99,0.00
0.00,87.07,7.93
0.00,87.07,7.93
0.00,7.98,7.93
0.00,42.74,7.93
0.00,42.74,7.93
0.00,42.61,0.00
0.00,42.61,7.93
0.00,42.48,7.93
0.00,42.36,0.00
0.00,42.36,7.93
0.00,42.23,0.00
0.00,42.23,0.00
0.00,86.31,7.93
0.00,86.31,0.00
0.00,51.42,7.93
0.00,7.22,7.93
0.00,7.22,7.93
0.00,41.98,0.00
0.00,41.98,7.93
0.00,41.85,0.00
0.00,85.92,7.93
0.00,85.92,0.00
0.00,51.04,7.93
0.00,51.04,7.93
0.00,6.84,0.00
0.00,6.84,7.93
0.00,41.59,7.93
0.00,41.47,0.00
0.00,41.47,0.00
0.00,85.54,7.93
0.00,85.54,7.93
0.00,6.46,0.00
0.00,85.42,7.93
0.00,85.42,7.93
0.00,6.33,7.93
0.00,6.33,7.93
0.00,41.09,0.00
0.00,41.09,7.93
0.00,40.96,7.93
0.00,40.83,0.00
0.00,40.83,7.93
0.00,40.71,0.00
0.00,40.71,7.93
0.00,40.58,0.00
0.00,84.66,0.00
0.00,84.66,7.93
0.00,5.57,0.00
0.00,5.57,7.93
0.00,40.33,0.00
0.00,40.33,7.93
0.00,40.20,0.00
0.00,84.28,7.93
0.00,84.28,0.00
0.00,49.40,7.93
0.00,49.40,7.93
0.00,5.19,0.00
0.00,84.15,7.93
0.00,84.15,7.93
0.00,05.07,7.93
0.00,05.07,0.00
0.00,84.02,7.93
0.00,84.02,7.93
0.00,4.94,7.93
0.00,39.69,7.93
0.00,39.69,7.93
0.00,39.57,0.00
0.00,39.57,7.93
0.00,39.44,7.93
0.00,39.31,0.00
0.00,39.31,0.00
0.00,83.39,7.93
0.00,83.39,0.00
0.00,48.51,7.93
0.00,48.51,7.93
0.00,4.30,0.00
0.00,83.26,7.93
0.00,83.26,7.93
0.00,4.18,7.93
0.00,4.18,0.00
0.00,83.13,7.93
0.00,04.05,7.93
0.00,04.05,7.93
0.00,38.80,7.93
0.00,38.80,0.00
0.00,82.88,7.93
0.00,82.88,7.93
0.00,3.80,7.93
0.00,38.55,7.93
0.00,38.55,0.00
0.00,82.63,7.93
0.00,82.63,7.93
0.00,3.54,7.93
0.00,38.30,7.93
0.00,38.30,0.00
0.00,82.37,7.93
0.00,82.37,7.93
0.00,3.29,0.00
0.00,3.29,7.93
0.00,38.04,7.93
0.00,37.92,7.93
0.00,37.92,0.00
0.00,81.99,7.93
0.00,81.99,0.00
0.00,47.11,7.93
0.00,2.91,7.93
0.00,2.91,7.93
0.00,37.66,0.00
0.00,37.66,7.93
0.00,37.54,0.00
0.00,37.54,0.00
0.00,81.61,7.93
0.00,2.53,7.93
0.00,2.53,0.00
0.00,81.49,7.93
0.00,81.49,0.00
0.00,46.60,7.93
0.00,2.40,7.93
0.00,2.40,0.00
0.00,81.36,7.93
0.00,81.36,7.93
0.00,2.27,7.93
0.00,37.03,0.00
0.00,37.03,7.93
0.00,36.90,7.93
0.00,36.90,0.00
0.00,80.98,0.00
0.00,80.98,7.93
0.00,1.89,7.93
0.00,36.65,0.00
0.00,36.65,7.93
0.00,36.52,0.00
0.00,36.52,7.93
0.00,36.39,0.00
0.00,80.47,0.00
0.00,80.47,7.93
0.00,1.39,0.00
0.00,1.39,7.93
0.00,36.14,0.00
0.00,36.14,0.00
0.00,80.22,7.93
0.00,1.13,0.00
0.00,1.13,7.93
0.00,35.89,0.00
0.00,35.89,7.93
0.00,35.76,0.00
0.00,79.84,0.00
0.00,79.84,7.93
0.00,0.75,0.00
0.00,0.75,7.93
0.00,35.51,0.00
0.00,35.51,7.93
0.00,79.58,0.00
0.00,44.70,7.93
0.00,44.70,0.00
0.00,44.70,7.93
0.00,44.70,7.93
0.00,0.50,0.00
0.00,79.46,7.93
0.00,79.46,0.00
0.00,44.58,7.93
0.00,44.58,0.00
0.00,44.58,7.93
0.00,0.37,0.00
0.00,0.37,7.93
0.00,35.13,0.00
0.00,35.13,0.00
0.00,79.20,7.93
0.00,79.20,0.00
0.00,44.32,7.93
0.00,0.12,7.93
0.00,0.12,0.00
0.00,79.08,0.00
0.00,79.08,7.93
0.00,0.00,7.93
0.00,34.75,0.00
0.00,34.75,7.93
0.00,34.62,0.00
0.00,34.62,0.00
0.00,78.69,0.00
0.00,78.69,7.93
0.00,0.00,7.93
0.00,34.36,0.00
0.00,34.36,0.00
0.00,78.44,7.93
0.00,78.44,0.00
0.00,43.56,7.93
0.00,0.00,7.93
0.00,0.00,0.00
0.00,78.31,7.93
0.00,78.31,0.00
0.00,43.43,7.93
0.00,43.43,0.00
0.00,0.00,7.93
0.00,33.98,7.93
0.00,33.98,0.00
0.00,78.06,0.00
0.00,78.06,7.93
0.00,0.00,0.00
0.00,77.93,7.93
0.00,77.93,0.00
0.00,43.05,7.93
0.00,43.05,7.93
0.00,0.00,7.93
0.00,33.60,0.00
0.00,33.60,7.93
0.00,33.48,0.00
0.00,33.48,0.00
0.00,77.55,0.00
0.00,77.55,7.93
0.00,0.00,0.00
0.00,77.43,7.93
0.00,77.43,0.00
0.00,42.55,7.93
0.00,42.55,7.93
0.00,0.00,0.00
0.00,77.30,7.93
0.00,77.30,0.00
0.00,42.42,7.93
0.00,42.42,7.93
0.00,0.00,0.00
0.00,0.00,7.93
0.00,77.17,0.00
0.00,42.29,7.93
0.00,42.29,7.93
0.00,0.00,0.00
0.00,0.00,7.93
0.00,32.84,0.00
0.00,76.92,0.00
0.00,76.92,7.93
0.00,0.00,0.00
0.00,0.00,7.93
0.00,32.59,0.00
0.00,76.67,0.00
0.00,76.67,7.93
0.00,0.00,7.93
0.00,0.00,0.00
0.00,76.54,7.93
0.00,76.54,0.00
0.00,41.66,7.93
0.00,0.00,7.93
0.00,0.00,0.00
0.00,76.41,7.93
0.00,76.41,0.00
0.00,41.53,7.93
0.00,0.00,7.93
0.00,0.00,0.00
0.00,76.28,7.93
0.00,76.28,0.00
0.00,41.40,7.93
0.00,0.00,7.93
0.00,0.00,7.93
0.00,31.95,0.00
0.00,31.95,0.00
0.00,76.03,7.93
0.00,76.03,0.00
0.00,41.15,7.93
0.00,0.00,0.00
0.00,0.00,7.93
0.00,31.70,0.00
0.00,31.70,7.93
0.00,31.57,0.00
0.00,75.65,0.00
0.00,75.65,0.00
0.00,40.77,0.00
0.00,40.77,7.93
0.00,0.00,0.00
0.00,0.00,0.00
0.00,75.52,0.00
0.00,40.64,0.00
0.00,40.64,7.93
0.00,0.00,0.00
0.00,0.00,0.00
0.00,75.40,0.00
0.00,40.52,7.93
0.00,40.52,0.00
0.00,40.52,7.93
0.00,40.52,0.00
0.00,40.52,7.93
0.00,0.00,0.00
0.00,0.00,0.00
0.00,75.27,0.00
0.00,75.27,0.00
0.00,40.39,7.93
0.00,40.39,7.93
0.00,0.00,0.00
0.00,75.14,0.00
0.00,75.14,7.93
0.00,0.00,0.00
0.00,0.00,0.00
0.00,75.02,7.93
0.00,0.00,0.00
0.00,0.00,7.93
0.00,30.69,0.00
0.00,30.69,7.93
0.00,30.56,0.00
0.00,30.56,0.00
0.00,74.64,7.93
0.00,0.00,0.00
0.00,0.00,7.93
0.00,30.31,0.00
0.00,30.31,0.00
0.00,74.38,0.00
0.00,39.50,7.93
0.00,39.50,0.00
0.00,39.50,0.00
0.00,39.50,7.93
0.00,0.00,0.00
0.00,74.26,0.00
0.00,74.26,0.00
0.00,39.37,7.93
0.00,39.37,0.00
0.00,39.37,7.93
0.00,39.37,0.00
0.00,39.37,0.00
0.00,39.37,7.93
0.00,39.37,0.00
0.00,39.37,0.00
0.00,39.37,0.00
0.00,39.37,0.00
0.00,39.37,0.00
0.00,39.37,0.00
0.00,39.37,0.00
0.00,39.37,0.00
0.00,39.37,0.00
0.00,39.37,0.00
0.00,39.37,0.00
0.00,39.37,0.00
0.00,39.37,0.00
0.00,39.37,0.00
0.00,39.37,0.00
0.00,39.37,0.00
0.00,39.37,0.00
0.00,39.37,0.00
0.00,39.37,0.00
0.00,39.37,0.00
0.00,39.37,0.00
0.00,39.37,0.00
0.00,39.37,0.00
0.00,39.37,0.00
0.00,39.37,0.00
0.00,39.37,0.00
0.00,39.37,0.00
0.00,39.37,0.00
0.00,39.37,0.00
0.00,39.37,0.00
0.00,39.37,0.00
0.00,39.37,0.00
0.00,39.37,0.00
0.00,39.37,0.00
0.00,39.37,0.00
0.00,39.37,0.00
0.00,39.37,0.00
0.00,39.37,0.00
0.00,39.37,0.00
0.00,39.37,0.00
0.00,39.37,0.00
0.00,39.37,0.00
0.00,39.37,0.00
0.00,39.37,0.00
0.00,39.37,0.00
0.00,39.37,0.00
0.00,39.37,0.00
0.00,39.37,0.00
0.00,39.37,0.00
0.00,39.37,0.00
0.00,39.37,0.00
0.00,39.37,0.00
0.00,39.37,0.00
0.00,39.37,0.00
0.00,39.37,0.00
0.00,39.37,0.00
0.00,39.37,0.00
0.00,39.37,0.00
0.00,39.37,0.00
0.00,39.37,0.00
0.00,39.37,0.00
0.00,39.37,0.00
0.00,39.37,0.00
0.00,39.37,0.00
0.00,39.37,0.00
0.00,39.37,0.00
0.00,39.37,0.00
0.00,39.37,0.00
0.00,39.37,0.00
0.00,39.37,0.00
0.00,39.37,0.00
0.00,39.37,0.00
0.00,39.37,0.00
0.00,39.37,0.00
0.00,39.37,0.00
0.00,39.37,0.00
0.00,39.37,0.00
0.00,39.37,0.00
0.00,39.37,0.00
0.00,39.37,0.00
0.00,39.37,0.00
0.00,39.37,0.00
0.00,39.37,0.00
0.00,39.37,0.00
0.00,39.37,0.00
0.00,39.37,0.00
0.00,39.37,0.00
0.00,39.37,0.00
0.00,39.37,0.00
0.00,39.37,0.00
0.00,39.37,0.00
0.00,39.37,0.00
0.00,39.37,0.00
0.00,39.37,0.00
0.00,39.37,0.00
0.00,39.37,0.00
0.00,39.37,0.00
0.00,39.37,0.00
0.00,39.37,0.00
0.00,39.37,0.00
0.00,39.37,0.00
0.00,39.37,0.00
0.00,39.37,0.00
0.00,39.37,0.00
0.00,39.37,0.00
0.00,39.37,0.00
0.00,39.37,0.00
0.00,39.37,0.00
0.00,39.37,0.00
0.00,39.37,0.00
0.00,39.37,0.00
0.00,39.37,0.00
0.00,39.37,0.00
0.00,39.37,0.00
0.00,39.37,0.00
0.00,39.37,0.00
0.00,39.37,0.00
0.00,39.37,0.00
0.00,39.37,0.00
0.00,39.37,0.00
0.00,39.37,0.00
0.00,39.37,0.00
0.00,39.37,0.00
0.00,39.37,0.00
0.00,39.37,0.00
0.00,39.37,0.00
0.00,39.37,0.00
0.00,39.37,0.00
0.00,39.37,0.00
0.00,39.37,0.00
0.00,39.37,0.00
0.00,39.37,0.00
0.00,39.37,0.00
0.00,39.37,0.00
0.00,39.37,0.00
0.00,39.37,0.00
0.00,39.37,0.00
0.00,39.37,0.00
0.00,39.37,0.00
0.00,39.37,0.00
0.00,39.37,0.00
0.00,39.37,0.00
0.00,39.37,0.00
0.00,39.37,0.00
0.00,39.37,0.00
0.00,39.37,0.00
0.00,39.37,0.00
0.00,39.37,0.00
0.00,39.37,0.00
0.00,39.37,0.00
0.00,39.37,0.00
0.00,39.37,0.00
0.00,39.37,0.00
0.00,39.37,0.00
0.00,39.37,0.00
0.00,39.37,0.00
0.00,39.37,0.00
0.00,39.37,0.00
0.00,39.37,0.00
0.00,39.37,0.00
0.00,39.37,0.00
0.00,39.37,0.00
0.00,39.37,0.00
0.00,39.37,0.00
0.00,39.37,0.00
0.00,39.37,0.00
0.00,39.37,0.00
0.00,39.37,0.00
0.00,39.37,0.00
0.00,39.37,0.00
0.00,39.37,0.00
0.00,39.37,0.00
0.00,39.37,0.00
0.00,39.37,0.00
0.00,39.37,0.00
0.00,39.37,0.00
0.00,39.37,0.00
0.00,39.37,0.00
0.00,39.37,0.00
0.00,39.37,0.00
0.00,39.37,0.00
0.00,39.37,0.00
0.00,39.37,0.00
0.00,39.37,0.00
0.00,39.37,0.00
0.00,39.37,0.00
0.00,39.37,0.00
0.00,39.37,0.00
0.00,39.37,0.00
0.00,39.37,0.00
0.00,39.37,0.00
0.00,39.37,0.00
0.00,39.37,0.00
0.00,39.37,0.00
0.00,39.37,0.00
0.00,39.37,0.00
0.00,39.37,0.00
0.00,39.37,0.00
0.00,39.37,0.00
0.00,39.37,0.00
0.00,39.37,0.00
0.00,39.37,0.00
0.00,39.37,0.00
0.00,39.37,0.00
0.00,39.37,0.00
0.00,39.37,0.00
0.00,39.37,0.00
0.00,39.37,0.00
0.00,39.37,0.00
0.00,39.37,0.00
0.00,39.37,0.00
0.00,39.37,0.00
0.00,39.37,0.00
0.00,39.37,0.00
0.00,39.37,0.00
0.00,39.37,0.00
0.00,39.37,0.00
0.00,39.37,0.00
0.00,39.37,0.00
0.00,39.37,0.00
0.00,39.37,0.00
0.00,39.37,0.00
0.00,39.37,0.00
0.00,39.37,0.00
0.00,39.37,0.00
0.00,39.37,0.00
0.00,39.37,0.00
0.00,39.37,0.00
0.00,39.37,0.00
0.00,39.37,0.00
0.00,39.37,0.00
0.00,39.37,0.00
0.00,39.37,0.00
0.00,39.37,0.00
0.00,39.37,0.00
0.00,39.37,0.00
0.00,39.37,0.00
0.00,39.37,0.00
0.00,39.37,0.00
0.00,39.37,0.00
0.00,39.37,0.00
0.00,39.37,0.00
0.00,39.37,0.00
0.00,39.37,0.00
0.00,39.37,0.00
0.00,39.37,0.00
0.00,39.37,0.00
0.00,39.37,0.00
0.00,39.37,0.00
0.00,39.37,0.00
0.00,39.37,0.00
0.00,39.37,0.00
0.00,39.37,0.00
0.00,39.37,0.00
0.00,39.37,0.00
0.00,39.37,0.00
0.00,39.37,0.00
0.00,39.37,0.00
0.00,39.37,0.00
0.00,39.37,0.00
0.00,39.37,0.00
0.00,39.37,0.00
0.00,39.37,0.00
0.00,39.37,0.00
0.00,39.37,0.00
0.00,39.37,0.00
0.00,39.37,0.00
0.00,39.37,0.00
0.00,39.37,0.00
0.00,39.37,0.00
0.00,39.37,0.00
0.00,39.37,0.00
0.00,39.37,0.00
0.00,39.37,0.00
0.00,39.37,0.00
0.00,39.37,0.00
0.00,39.37,0.00
0.00,39.37,0.00
0.00,39.37,0.00
0.00,39.37,0.00
0.00,39.37,0.00
0.00,39.37,0.00
0.00,39.37,0.00
0.00,39.37,0.00
0.00,39.37,0.00
0.00,39.37,0.00
0.00,39.37,0.00
0.00,39.37,0.00
0.00,39.37,0.00
0.00,39.37,0.00
0.00,39.37,0.00
0.00,39.37,0.00
0.00,39.37,0.00
0.00,39.37,0.00
0.00,39.37,0.00
0.00,39.37,0.00
0.00,39.37,0.00
0.00,39.37,0.00
0.00,39.37,0.00
0.00,39.37,0.00
0.00,39.37,0.00
0.00,39.37,0.00
0.00,39.37,0.00
0.00,39.37,0.00
0.00,39.37,0.00
0.00,39.37,0.00
0.00,39.37,0.00
0.00,39.37,0.00
0.00,39.37,0.00
0.00,39.37,0.00
0.00,39.37,0.00
0.00,39.37,0.00
0.00,39.37,0.00
0.00,39.37,0.00
0.00,39.37,0.00
0.00,39.37,0.00
0.00,39.37,0.00
0.00,39.37,0.00
0.00,39.37,0.00
0.00,39.37,0.00
0.00,39.37,0.00
0.00,39.37,0.00
0.00,39.37,0.00
0.00,39.37,0.00
0.00,39.37,0.00
0.00,39.37,0.00
0.00,39.37,0.00
0.00,39.37,0.00
0.00,39.37,0.00
0.00,39.37,0.00
0.00,39.37,0.00
0.00,39.37,0.00
0.00,39.37,0.00
0.00,39.37,0.00
0.00,39.37,0.00
0.00,39.37,0.00
0.00,39.37,0.00
0.00,39.37,0.00
0.00,39.37,0.00
0.00,39.37,0.00
0.00,39.37,0.00
0.00,39.37,0.00
0.00,39.37,0.00
0.00,39.37,0.00
0.00,39.37,0.00
0.00,39.37,0.00
0.00,39.37,0.00
0.00,39.37,0.00
0.00,39.37,0.00
0.00,39.37,0.00
0.00,39.37,0.00
0.00,39.37,0.00
0.00,39.37,0.00
0.00,39.37,0.00
0.00,39.37,0.00
0.00,39.37,0.00
0.00,39.37,0.00
0.00,39.37,0.00
0.00,39.37,0.00
0.00,39.37,0.00
0.00,39.37,0.00
0.00,39.37,0.00
0.00,39.37,0.00
0.00,39.37,0.00
0.00,39.37,0.00
0.00,39.37,0.00
0.00,39.37,0.00
0.00,39.37,0.00
0.00,39.37,0.00
0.00,39.37,0.00
0.00,39.37,0.00
0.00,39.37,0.00
0.00,39.37,0.00
0.00,39.37,0.00
0.00,39.37,0.00
0.00,39.37,0.00
0.00,39.37,0.00
0.00,39.37,0.00
0.00,39.37,0.00
0.00,39.37,0.00
0.00,39.37,0.00
0.00,39.37,0.00
0.00,39.37,0.00
0.00,39.37,0.00
0.00,39.37,0.00
0.00,39.37,0.00
0.00,39.37,0.00
0.00,39.37,0.00
0.00,39.37,0.00
0.00,39.37,0.00
0.00,39.37,0.00
0.00,39.37,0.00
0.00,39.37,0.00
0.00,39.37,0.00
0.00,39.37,0.00
0.00,39.37,0.00
0.00,39.37,0.00
0.00,39.37,0.00
0.00,39.37,0.00
0.00,39.37,0.00
0.00,39.37,0.00
0.00,39.37,0.00
0.00,39.37,0.00
0.00,39.37,0.00
0.00,39.37,0.00
0.00,39.37,0.00
0.00,39.37,0.00
0.00,39.37,0.00
0.00,39.37,0.00
0.00,39.37,0.00
0.00,39.37,0.00
0.00,39.37,0.00
0.00,39.37,0.00
0.00,39.37,0.00
0.00,39.37,0.00
0.00,39.37,0.00
0.00,39.37,0.00
0.00,39.37,0.00
0.00,39.37,0.00
0.00,39.37,0.00
0.00,39.37,0.00
0.00,39.37,0.00
0.00,39.37,0.00
0.00,39.37,0.00
0.00,39.37,0.00
0.00,39.37,0.00
0.00,39.37,0.00
0.00,39.37,0.00
0.00,39.37,0.00
0.00,39.37,0.00
0.00,39.37,0.00
0.00,39.37,0.00
0.00,39.37,0.00
0.00,39.37,0.00
0.00,39.37,0.00
0.00,39.37,0.00
0.00,39.37,0.00
0.00,39.37,0.00
0.00,39.37,0.00
0.00,39.37,0.00
0.00,39.37,0.00
0.00,39.37,0.00
0.00,39.37,0.00
0.00,39.37,0.00
0.00,39.37,0.00
0.00,39.37,0.00
0.00,39.37,0.00
0.00,39.37,0.00
0.00,39.37,0.00
0.00,39.37,0.00
0.00,39.37,0.00
0.00,39.37,0.00
0.00,39.37,0.00
0.00,39.37,0.00